콘텐츠,동영상 제목,동영상 게시 시간,조회수,시청 시간(단위: 시간),구독자,평균 시청 지속 시간,노출수,노출 클릭률 (%)
합계,,,4898269,57601.8768,7457,0:00:42,13048191,4.65
Jm5lEgjtdfI,[코리아텍/한국기술교육대학교] 광고영상7,28-Jun-19,3611486,15133.1746,51,0:00:15,263434,2.45
cZ50-hNWFTU,"너의 스무살은 어때? 나의, 한기로운 스무살 | 한국기술교육대학교",13-Jul-23,136153,194.351,56,0:00:05,31283,4.01
A7g-W6FZ8vU,당황스럽다 기말고사ver.,03-Jun-22,25569,152.4959,10,0:00:21,65911,6.29
h7Q6Lt5hCHQ,[알쓸대잡] 한국기술교육대학교 전기전자통신공학부 꿈의직장으로 직행,03-Sep-20,24050,796.9063,6,0:01:59,113687,6.42
R_fqKI0lxI4,[알쓸대잡] 한국기술교육대학교 메카트로닉스 공학부를 가면 신의 직장으로 직행?,02-Sep-20,19673,768.8999,33,0:02:20,200256,6.48
AXdaHVjUEbc,디지털 기초역량 특강 1편 | 인간을 대체할 로봇&챗봇 [한국기술교육대학교/KOREATECH],24-Dec-20,18949,839.8457,571,0:02:39,57729,2.96
Ec0oqoYwW5Q,[KOREATECH/구독이벤트] 현타주의 리얼대학생활 ‘최초공개‘,28-Aug-20,18371,104.6116,525,0:00:20,52642,8.23
Y4F2roIiqN4,[코리아텍] 홍보영상 (By. Team 추수),21-Feb-17,17950,962.1285,37,0:03:12,149415,6.71
yP8btWnxZLI,[알쓸대잡] 한국기술교육대학교 산업경영학부 취업걱정은 끝!,04-Sep-20,16051,785.0821,18,0:02:56,120931,6.15
VwzCtFHYsZo,기계공학부 재학생들의 하루 | 공대생 브이로그 [한국기술교육대학교/KOREATECH],10-Mar-20,15114,340.4629,34,0:01:21,158684,8.04
vp_qgQ1GwUg,[한국기술교육대학교/코리아텍] 2019 코리아텍 립덥영상,25-Nov-19,14323,518.0077,18,0:02:10,171523,6.06
UJ94SMABFAw,핸드폰 배경화면 뭐에요?(한기대편) #shorts #reels,20-Feb-23,13833,124.0509,9,0:00:32,91783,6.15
G4Y1THbfwUM,취업률 전국 1위? 한국기술교육대학교를 조사해 봤습니다 | 그 학교가 알고싶다 [한국기술교육대학교/KOREATECH],08-Oct-21,13352,311.2442,169,0:01:23,68680,6.23
0YfCBkss_tk,한국기술교육대학교 '2020 온라인 한율제',07-Oct-20,10845,2041.6595,11,0:11:17,17073,37.05
B4A-0wC_d8Q,[알쓸대잡] 한국기술교육대학교 기계공학부는 별5개짜리!,03-Sep-20,10571,271.3851,38,0:01:32,73215,4.4
uHeF0_I7f7k,[알쓸대잡] 한국기술교육대학교 디자인공학부의 놀라운 하루!,02-Sep-20,10039,363.1346,13,0:02:10,82373,6.08
BFcri_wzeug,"대한민국 공학교육의 선두, 한국기술교육대학교(KOREATECH)",19-Mar-13,9811,455.0355,4,0:02:46,35206,4.77
CjQ2vxm34vU,"👶새내기 주목!👶 대학교 기숙사생vs통학생vs자취생의 일상 브이로그 본격 비교 | 자취생 꿀팁, 기숙사 소개, 근로장학 [한국기술교육대학교/KOREATECH]",15-Dec-20,9618,329.102,13,0:02:03,111907,7.22
lUZlw9z4cjo,[알쓸대잡] 한국기술교육대학교 건축공학전공이 자랑하는 취업에 유리한 포인트,04-Sep-20,9605,545.6947,6,0:03:24,64668,5.08
hzOnQYgm0Ls,[한국기술교육대학교/코리아텍] 2019학년도 기계공학부 영상,04-Sep-18,9275,292.6257,32,0:01:53,118532,5.34
8GrC6hR-2eU,메카트로닉스공학부에는 인생의 진리가 있어😎 | 메카트로닉스공학부 | 2021 학부소개 [한국기술교육대학교/KOREATECH],11-Aug-21,8796,318.0695,71,0:02:10,133217,3.66
KHigR1wJvNI,"기계공학부, 올 거야. 말 거야? 🔧| 기계공학부 | 2021 학부과 소개 [한국기술교육대학교/KOREATECH]",11-Aug-21,7987,180.3435,101,0:01:21,104223,4.6
DxFIW4RvXMw,[한국기술교육대학교/코리아텍]산업경영학부 학과 소개 영상,23-Sep-19,7861,185.1459,15,0:01:24,78690,7.41
AJUnwrMyGjQ,[알쓸대잡] 한국기술교육대학교 에너지신소재화학공학부가 선택의 폭이 넓은 이유!,04-Sep-20,7769,367.2883,2,0:02:50,71270,4.63
G1cRwyzXp50,컴퓨터공학부 너.. 진짜 징하다! 어메이징-♥︎  | 컴퓨터공학부 | 2021 학부소개 [한국기술교육대학교/KOREATECH],11-Aug-21,7524,249.0772,81,0:01:59,95352,4.29
4hSZrVbsOOU,[코리아텍]메카트로닉스공학부  전공 소개 영상,27-Aug-17,7434,174.3094,18,0:01:24,63304,6.58
HkD3n9EM6vM,[2021 온라인 한율제 1일차],06-Oct-21,7403,1444.0969,10,0:11:42,28044,19.69
PDAWVQUd2o4,"사람을 향하는 기술, 세상을 바꾸는 교육ㅣ2022 한국기술교육대학교 공식 홍보영상",07-Nov-22,7341,107.8122,272,0:00:52,31581,5.89
qBw6D_R_H4s,2분으로 알아보는 한국기술교육대학교 축제 현장🔥 | 2022 한맥제 [한국기술교육대학교/KOREATECH],29-May-22,7080,102.2794,6,0:00:52,66866,9.43
Bd0be6dgXrs,전기전자통신공학부는 실습실이 이렇게 많다고? | 전기전자통신공학부 | 2021 학부소개 [한국기술교육대학교/KOREATECH],11-Aug-21,6945,197.1993,53,0:01:42,74798,3.92
7QyjB8E3tTM,[한국기술교육대학교/코리아텍] 국내 최초 드론 촬영 대학 홍보영상,07-Nov-18,6875,226.2117,19,0:01:58,103379,4.46
3uk4LalQlQE,한국기술교육대학교 개교 30주년 기념식에 초대합니다 | 2021. 11. 3.(수) 10:30 온라인 생중계,21-Oct-21,6813,36.9964,490,0:00:19,40240,4.61
inSg3YmG-pw,[한국기술교육대학교/코리아텍] 신입생 환영 영상3,05-Feb-20,6707,63.9829,3,0:00:34,53670,10.17
8Qnal_yN9go,[한국기술교육대학교/코리아텍] 메카트로닉스 학과 소개 영상,06-Feb-20,6596,151.0853,22,0:01:22,76726,6.99
1q0MmQ08wzk,[한국기술교육대학교/코리아텍] 19학번 신입생 여러분 환영합니다!!,25-Feb-19,6586,80.1868,19,0:00:43,55923,8.92
t4C3lPpfH14,디지털 기초역량 특강 2편 | 사회를 바꾸는 디지털 기술& 필수적 디지털 트랜스포메이션 [한국기술교육대학교/KOREAECH],24-Dec-20,6561,221.7889,102,0:02:01,19902,5.02
iP7mdd5O6Xo,"2022년 한국기술교육대학교 홍보영상 - 사람을 향하는 기술, 세상을 바꾸는 교육 [한국기술교육대학교/KOREATECH]",11-Mar-22,6537,148.9666,12,0:01:22,57997,6.23
pnCG1Eqsv48,한기대 과잠은 어떻게 생겼나요? 🤔 #shorts #reels,06-Mar-23,6483,54.9038,2,0:00:30,58082,6.36
gCyFibpIHIA,"[한국기술교육대학교] 열정락서 플래시몹! ""그대에게""",22-Oct-12,6382,178.7211,4,0:01:40,23036,5.73
lvuUF8GZPbY,신입생을 위한 기숙사 물품 체크리스트[한국기술교육대학교/KOREATECH],25-Mar-20,6273,145.1615,14,0:01:23,56574,8.92
otgWfqgo9ok,대학생 공감 일상 l 인정할 수밖에 없는 한기대생 공감 일상!😤 #shorts #reels,20-Mar-23,6211,48.5122,4,0:00:28,48323,6.12
6oAVW1ZrwaE,"운동, 코딩, 취업까지.. 홍교에게선 벽이 느껴져.. 완벽❤️| 산업경영학부 | 2021 학부소개 [한국기술교육대학교/KOREATECH]",11-Aug-21,6161,278.9502,36,0:02:42,87318,4.55
D_p2CJ3F-xY,기숙사vs자취 장단점 모두 비교❗️ | WingstudiO EP. 4 [한국기술교육대학교/KOREATECH],06-Mar-22,6126,251.1119,6,0:02:27,69371,7.47
Xsmo9AR7C5U,한기대 #여름방학 #밸런스게임,08-Jul-22,5987,42.4675,1,0:00:25,52672,5.8
Cx9IPiKxItk,"K- 공대생의 대화, 우리 가까워질 수 있지..? [한국기술교육대학교/KOREATECH] #shorts #reels",12-Sep-23,5939,50.1533,4,0:00:30,9768,4.39
bIdaByLt7K0,편입생은 학교에 만족할까?🧐ㅣ한기대 편입준비 찐 후기ㅣ한국기술교육대학교ㅣ편입준비,05-Dec-22,5922,340.5219,6,0:03:27,26542,3.39
3Lt_eU0UXcw,[한국기술교육대학교/코리아텍] 홍보 영상,30-Oct-19,5816,136.1433,11,0:01:24,52122,7.22
ohwRuYK_Hdg,전기·전자·통신공학부 1학년의 하루 | 공대생 브이로그[한국기술교육대학교/KOREATECH],19-May-20,5678,121.2944,6,0:01:16,72409,6.51
UHd5SWwRmdE,[KOREATECH] 2015 홍보동영상(수정),03-Mar-15,5653,265.2077,3,0:02:48,7997,3.33
99dSvYbQORc,한국기술교육대학교 '2020 온라인 한율제',,5598,1145.0413,8,0:12:16,10073,29.86
tOyiBR28hWQ,디지털 기초역량 특강 3편 | 언택트시대의 VR과 AR & 스트리밍 기술 [한국기술교육대학교/KOREATECH],24-Dec-20,5571,202.8697,118,0:02:11,22728,4.8
12KatxmiurI,[한국기술교육대학교/코리아텍] 에너지 신소재 화학 공학부 소개영상,01-Sep-19,5419,137.9121,25,0:01:31,102012,3.68
HxpOogO-9E4,[2021 온라인 한율제 2일차],,5278,1264.7179,3,0:14:22,21932,18.81
UMnnSuOMaAQ,2021학년도 한국기술교육대학교 소개 [한국기술교육대학교/KOREATECH],04-Jun-20,5157,237.8866,13,0:02:46,85412,4.21
LauIlkLyVUA,대면일 때는 이렇게 과팅을 했다고..?🤭 대학교 대면 VS 비대면 리뷰 | WingstudiO EP. 5 [한국기술교육대학교/KOREATECH],30-May-22,5022,70.6746,2,0:00:50,86414,5.5
7mGTIJ40NAI,[한국기술교육대학교/코리아텍] 건축공학부 소개영상,08-Sep-19,4972,124.0298,7,0:01:29,70327,4.72
_xxgQjqt7j0,[알쓸대잡] 한국기술교육대학교 컴퓨터공학부가 4차산업혁명을 대하는 자세,04-Sep-20,4958,221.5821,3,0:02:40,56928,4.56
r6jXC2CQ_1Y,[코리아텍]2017 코리아텍 공식 홍보영상,05-Dec-17,4938,164.2105,7,0:01:59,36783,5.93
OwOEaGs0KdM,[코리아텍/한국기술교육대학교] 광고영상3,28-Jun-19,4935,27.2368,16,0:00:19,40157,7.58
RMpUuYTfrBc,[한국기술교육대학교/코리아텍] (한국어VER)코리아텍 능력개발교육원 홍보영상,16-Oct-18,4913,101.8728,6,0:01:14,22999,4.76
L5WSswCe_I0,디자인공학전공 신입생의 첫번째 미션! | 디자인공학전공 | 2021 학부소개 [한국기술교육대학교/KOREATECH],11-Aug-21,4741,143.3458,66,0:01:48,47625,4.88
wTYT_IRX53A,"고용서비스정책학과, 넌 누구니? (feat. 4년제 대학 최초) | 고용서비스정책학과 | 2021 학부소개 [한국기술교육대학교/KOREATECH]",11-Aug-21,4712,130.9179,69,0:01:40,40240,6.77
wDX8GNPKEWs,이 장비들을 다 써볼 수 있다니..🤭극락이 따로 없네 | 에너지신소재화학공학부 | 2021 학부소개 [한국기술교육대학교/KOREATECH],11-Aug-21,4709,164.1491,63,0:02:05,55681,4.26
uw9xAfQSScE,[코리아텍/한국기술교육대학교] 코리아텍 스마트 러닝 팩토리 홍보 영상,16-Apr-19,4663,1153.7025,13,0:14:50,59665,4.18
i2HfuzTTypA,한기대 축제 라인업 美쳤다..! 떼창 클래스 머선129 #shorts #reels,09-Jun-23,4629,32.2665,0,0:00:25,37477,8.5
ChR6deyLg14,#Hey #한기대 #캠퍼스 #shorts #reels 📚🏀🥽🥼🔧✨,26-Aug-22,4533,12.7346,1,0:00:10,47490,5.54
cpn3a7TjH94,2022 새해맞이 퀴즈 이벤트 #shorts,19-Jan-22,4389,45.5831,318,0:00:37,23538,6
pBJnumHPezI,전 정시파이터가👉현 수능전사에게ㅣ한기대 재학생들의 200% 만족 후기ㅣ한국기술교육대학교ㅣ정시모집ㅣ수능후기,14-Nov-22,4356,294.4409,1,0:04:03,23827,3.89
uex70mGSYvU,동아리? 기숙사? 이거...말해도 되나요?🙄 한기대 홍보대사들의 솔직 TALK 나래에게 물어봐! Part.1,18-Aug-22,4355,119.7796,4,0:01:39,46393,7.63
sBLKkHZ-jYk,[한국기술교육대학교/코리아텍] 컴퓨터공학부 소개영상,26-Sep-19,4172,72.6944,10,0:01:02,37583,7.07
7Gx22ydMaL4,"나왔다, 한기대 [한국기술교육대학교/KOREATECH]",05-Jun-20,4151,15.6537,-2,0:00:13,26011,6.37
n2B_dZF4VmE,가질 순 없어도 튼튼하게 지을 순 있다💪 | 건축공학전공 | 2021 학부소개 [한국기술교육대학교/KOREATECH],11-Aug-21,4119,113.5227,41,0:01:39,49616,4.11
8ouCx9UDl_Y,Wings Magazine_2021 홍보 영상 [한국기술교육대학교/KOREAETCH],06-Mar-21,4025,25.6638,0,0:00:22,28868,11.29
U3d9pbIQzs4,"예비신입생 대상 온라인 학과탐색 ""교수님/재학생/졸업생이 들려주는 학과이야기""(2021.12.17)",17-Dec-21,4025,497.6435,12,0:07:25,134857,1.9
zbvRi8Ugepk,🤚🏻‼새내기 잠깐 STOP‼✋🏻2021 한국기술교육대학교 신입생 오리엔테이션 홍보 영상 [한국기술교육대학교/KOREATECH],19-Feb-21,3909,72.4729,1,0:01:06,33357,9.64
h1doaRVjLa4,[코리아텍/한국기술교육대학교] 광고영상1,28-Jun-19,3878,14.0585,13,0:00:13,28551,7.43
h8jW3if0YEc,2022년 신입생 나우리캠프 KOREATECH LIVE SHOW!,,3732,2476.7178,5,0:39:49,19,84.21
d5oF5y91Rv8,교환학생? 인턴? CC?! SSAP가능😎 한기대 홍보대사들의 솔직 TALK 나래에게 물어봐! Part.2,19-Aug-22,3576,123.3261,6,0:02:04,44467,6.51
gvDy7X0N_nw,[코리아텍 KOREATECH]내 인생의 나침반,05-Dec-17,3461,184.478,13,0:03:11,43208,4.4
V8eRzD_hYfk,한기대 수시지원! 논술전형은 얼마나 바뀌었을까?!🧐 직접 풀어봤습니다!,04-Aug-22,3427,114.3498,10,0:02:00,33911,7.57
CbcUZq1z86g,"[한국기술교육대학교/코리아텍] 학생들을 위한 학교, 코리아텍",11-Feb-19,3422,15.2669,3,0:00:16,24323,10.27
V2H3wTtcCII,Dance Cover | 세븐틴(Seventeen) - _World | 한국기술교육대학교 댄스동아리 빠샤 BASIA,04-Aug-23,3418,74.9686,4,0:01:18,37232,6.06
oK2THFEzCQ8,[코리아텍]전기전자통신공학부 전공 소개 영상,15-Sep-17,3402,57.9969,2,0:01:01,34593,5.34
vqwFminMIsk,[한국기술교육대학교] 휴머노이드 로봇 - 다윈 OP2,07-Oct-16,3401,22.2542,7,0:00:23,20490,6.42
f_ed6L3eEKA,[VLOG] 21학번의 첫 엠티?!ㅣ한기대 응용화학공학과 MTㅣ2박3일 대천여행ㅣ교수님들을 위한 요리대회!ㅣ 응용화학과 보름과 함께하는 릴레이게임,18-Nov-22,3356,106.1584,5,0:01:53,38496,7.67
H1fkBgZr7zU,선배들이 알려주는 학교 이야기 #새내기 #꿀팁 #라이브 I [한국기술교육대학교 / KOREATECH],20-Jan-23,3350,691.6474,86,0:12:23,26193,8.71
B_i656a0Q_g,"한국기술교육대학교 홍보대사 회장의 일상 Vlog | 나래 12기 | 의전준비, 회의, 운동, 점심식사, 개인업무 일상 브이로그 [한국기술교육대학교/KOREATECH]",21-Sep-20,3335,70.8143,3,0:01:16,36052,7.18
9FFER7zwfRo,[KOREATECH] 2014 홍보동영상,14-Jul-14,3278,148.2573,3,0:02:42,7224,3.11
endMSLOhoiA,한국기술교육대학교 개교30주년 기념식,03-Nov-21,3101,435.4335,16,0:08:25,48302,3.43
dJGuUoFXsp8,우리 학교 JMT 무한 리필 학식 클라쓰 보여준다. | 야식이 먹방 | 학식 먹방 [한국기술교육대학교/KOREATECH],01-Jul-20,3099,86.1997,4,0:01:40,30318,8.47
KtG3-aXMHLo,[코리아텍/한국기술교육대학교] 5초 광고영상,09-Jun-19,3062,4.7126,7,0:00:05,22931,6.13
MMXR1YOpJrk,취업률 1위 한국기술교육대학교 합격비법 대방출😎 | WingstudiO EP. 2 [한국기술교육대학교/KOREATECH],04-Nov-21,3058,111.7825,3,0:02:11,40410,5.24
u3FEpmo2Bsc,2021 졸업작품 | 기계공학부 | 벡터 합을 이용한 이륜구동 정찰로봇 [한국기술교육대학교/KOREATECH],01-Jul-21,3057,75.6657,4,0:01:29,34185,6.01
i-TSpylyLng,마스크 벗고 소리 질러🔊 한기대 한율제 현장ㅣ가을 대학축제ㅣ릴보이ㅣlIlBOI,18-Oct-22,3047,49.4103,-2,0:00:58,34202,6.42
TuzoGjjfsBc,[한기대] 2023학년도 한국기술교육대학교 학생부종합전형 안내,25-Jul-22,2971,131.5517,12,0:02:39,47840,4.05
I6Wo4scsx2k,[예비신입생 모여라!] 재학생이 들려주는 학교이야기_2022.01.20,20-Jan-22,2957,367.5306,11,0:07:27,38217,5.21
3qexwDgKPeQ,지금 벽...치는 거야? 갓벽한 한기대 기계공학부😏 취업률까지 완벽-☆ | [한국기술교육대학교/KOREATECH],24-Aug-23,2940,87.7468,3,0:01:47,20948,7.98
7yC4bkdOe6Y,[한국기술교육대학교] 2013 동계과학캠프 '고정배 - 그 남자',14-Feb-13,2900,94.9778,1,0:01:57,8275,5.12
lxwkRkNQFrE,#수능 #100일 #괜찮아 #잘될거야 🙆,09-Aug-22,2855,19.3627,7,0:00:24,23709,3.56
sDOL007Pw3w,무엇이든 알려주나❗ _ 신입생 이벤트 사후영상 [한국기술교육대학교/KOREATECH],29-Mar-21,2845,85.0618,5,0:01:47,33907,6.84
OB5tCobM1as,[코리아텍]디자인공학과 전공 소개 영상,08-Dec-17,2808,40.9314,3,0:00:52,26753,6.44
8lBIXhPNzdA,[한기대] 재학생이 직접 알려주는 2024학년도 한국기술교육대학교 입학전형 안내,01-Jun-23,2794,75.2583,4,0:01:36,32574,6.44
1K3fA4UmuvA,"취업 문제, 게섰거라!😎 국내 유일 한기대 고용서비스정책학과 나가신다👑",11-Jul-22,2778,101.4599,4,0:02:11,35926,4.83
OqvEAgACUjc,"[한국기술교육대학교]  여름방학 특집 온라인 학과탐색  ""교수님이 들려주는 학과이야기""",10-Aug-21,2750,465.7888,12,0:10:09,51824,3.73
QSfumOupbvM,[한국기술교육대학교] TJB_121020 재치 넘치는 한기대'립덥' 유튜브 인기.,22-Oct-12,2732,39.9038,1,0:00:52,14197,3.22
x2ajyN1zcyM,2021학년도 한국기술교육대학교 수시면접 가이드 영상 [한국기술교육대학교/KOREATECH],18-Nov-20,2732,79.3668,6,0:01:44,34657,5.94
G2btPwowRDU,[코리아텍/한국기술교육대학교] 광고영상6,28-Jun-19,2729,4.2872,20,0:00:05,214408,0.79
jg8fz8B3pa0,KBS '일자리가 미래다' 한국기술교육대학교,07-Oct-16,2727,145.6897,8,0:03:12,39770,3.1
Ych_O6dM-64,한기대 = 동아줄?🤭 2023 한기대 정시모집 인터뷰 하이라이트ㅣ공대 통합선발ㅣ수능전사 주목✊,08-Dec-22,2685,18.3361,0,0:00:24,29311,3.89
S5Bb-PvMfXU,한국기술교육대학교 동아리 도장깨기👊🏻 [한국기술교육대학교/KOREATECH],10-Apr-22,2660,46.1694,-7,0:01:02,26058,8.18
Wxf-asTLsNQ,2분만에 보는 한기대 입학식ㅣ2023 한국기술교육대학교 신입생 입학식,15-Mar-23,2659,41.9631,2,0:00:56,26848,8.1
3fgFD10kXyw,[한국기술교육대학교/코리아텍]2019학년도 수시모집 홍보영상 - 1st,31-Aug-18,2585,27.281,2,0:00:37,30058,6.2
AON4mzjVgGQ,"코룡아, 나 지금 되게 신나🧡오늘만을 기다렸다😏한기대 나우리캠프👀",20-Mar-23,2581,79.7068,0,0:01:51,30212,6.14
VIYRzMOXjcw,"한기대 학생부종합전형 의 모든 것, 우리가 알려줄게! 꿀팁🍯 大방출!",19-Jul-22,2579,104.078,7,0:02:25,30250,5.35
AWmENLS6oUk,💸억 소리 나는 장비 부자 한기대 에너지신소재공학전공 직접 리뷰 갑니다! 비싼 장비 너무 탐난다🤑 |  [한국기술교육대학교/KOREATECH],25-Aug-23,2578,87.0781,2,0:02:01,29488,5.32
DTqlkBzEAcc,K-남매 현실? 가족인 듯 가족 아닌 가족 같은 너.. [한국기술교육대학교/KOREATECH] #shorts #reels,14-Sep-23,2558,21.767,0,0:00:30,9849,3.53
tkjxes5Ada8,수능 D-100 수험생 응원 이벤트 | 나래 13기 [한국기술교육대학교/KOREATECH],10-Aug-21,2555,22.9744,148,0:00:32,15178,6.01
24dtM1HYtW4,디자인공학과 소개영상[한국기술교육대학교/KOREATECH],23-Feb-20,2542,57.5771,1,0:01:21,29802,6.83
ckcoBFC931w,GTA 에너지신소재공학과편 (feat. 찐 교수님 등장?) [한국기술교육대학교/KOREATECH],27-May-20,2500,92.7607,4,0:02:13,31291,5.62
1_MEkZCJpoU,수험생을 위한 응원 영상 | 홍보대사 나래가 수험생 여러분을 응원합니다 [한국기술교육대학교/KOREATECH],23-Oct-20,2497,33.104,9,0:00:47,17796,5.78
GoXuAEfUNo4,★구해줘! 나래★ 신입생 드루와! (ft. 캠퍼스투어_담헌 편) [한국기술교육대학교/KOREATECH],13-Aug-20,2484,57.7085,1,0:01:23,30806,6.49
4LYySe6OdtE,[맥박수180] 영상처리기반 자율주행 쇼핑카트,19-Nov-20,2438,40.2885,4,0:00:59,15101,4.26
KyAzjGLJo28,한국기술교육대학교 제 5회 KOREATECH! 교육콘서트,,2435,689.4964,20,0:16:59,10350,11.46
Rv0724U2bbo,[한국기술교육대학교] 한기대 립덥(Lip-Dub) / KOREATECH & Arirang TV,07-Nov-12,2399,51.001,2,0:01:16,10620,5
88Z8pBfqazE,"[2021 수시모집 홍보영상] 불 좀 꺼줄래?😉 ""지원해 봐, 한국기술교육대학교""",11-Sep-20,2389,46.7131,-1,0:01:10,29454,5.82
5zbw5nhQy9U,"이제 알게 될 거야, 네가 몰랐던 너의 가능성🌟 l 2023학년도 한국기술교육대학교 수시모집",07-Sep-22,2386,9.4249,1,0:00:14,55839,3.51
OSTGSku2Xls,능력개발교육원  자격교육 오리엔테이션-교직훈련과정 [한국기술교육대학교/KOREATECH],,2372,281.1904,29,0:07:06,44,2.27
rmUoXKBCX6k,우리 학교가 경찰수업 촬영지? | 경찰수업 드라마 이벤트 사전영상 [한국기술교육대학교/KOREATECH],20-Sep-21,2361,33.2349,63,0:00:50,20402,7.2
4Qy-seVVz5s,[한국기술교육대학교/코리아텍] 코리아텍 스피드 드론 영상,28-Nov-18,2346,49.3247,2,0:01:15,23735,4.28
HUNVA_Flxvs,[코리아텍/한국기술교육대학교] 5초 광고영상3,09-Jun-19,2336,3.317,3,0:00:05,23803,5.09
Wu8GPloSKHo,🌸대학의 꽃 홍보대사🌸는 무슨 일을 할까? | 한국기술교육대학교 홍보대사 체험 리뷰 | 워크맨 패러디  [한국기술교육대학교/KOREATECH],02-Oct-21,2327,77.1764,0,0:01:59,31199,5.3
j56UvNcrgZQ,코로나 전후 OT 전격 비교ㅣ화석 선배가 말🐎해주는 대면 오티의 추억ㅣ한국기술교육대학교 #orientation #shorts #reels,13-Feb-23,2320,16.3157,0,0:00:25,13797,4.02
eSKhNmjlGYE,색다른 대학교의 밤🌛 한기대 동아리의 밤🔥 | 2022 동밤 | 한국기술교육대학교 | KOREATECH,11-Oct-22,2286,34.0536,-1,0:00:53,24068,7.63
6s5_XfxCgj8,2022학년도 신설학과 고용서비스정책학과 소개 영상 [한국기술교육대학교/KOREATECH],14-May-21,2278,72.2104,9,0:01:54,20610,5.83
AkYpGnqvbKw,[코리아텍/한국기술교육대학교] 신입생 vs 고학번 퀴즈대결,08-Apr-19,2270,23.381,5,0:00:37,28930,6.25
QCXtCc-umRc,[VLOG] 체육대회 '한'번쯤은 '기대'해도 좋잖아..?☆⁺. ⊹,13-Jun-23,2264,69.1935,2,0:01:50,28184,6.38
Hcff2YXPlTg,[코리아텍]정시합격자 대상 홍보영상 '신과 함께' 패러디 영상,02-Feb-18,2230,35.2167,1,0:00:56,25883,5.51
YBibA6xns8w,[한국기술교육대학교/코리아텍] 2020학년도 수시 전형 소개영상,23-Aug-19,2220,79.0133,11,0:02:08,81700,1.47
Tk_3NsLDXhI,KOREATECH Video,08-Feb-14,2217,121.6325,2,0:03:17,3777,3.15
IHgPJ0UHs6A,등록금 0원?🤷‍♂️너두?🤷‍♀️야나두 #shorts,24-Aug-22,2203,23.4484,2,0:00:38,20604,4.99
saAPpUKmxII,[코리아텍/한국기술교육대학교] 광고영상2,28-Jun-19,2196,7.8605,6,0:00:12,29787,4.37
uL6nsurm4gk,"[한국기술교육대학교] 학부모 입시설명회 - 특강 ""2022학년도 수시모집 지원 전략"" 이만기(2021.06.16)",16-Jun-21,2165,364.0759,4,0:10:05,45652,3.34
53-hnRQGLgc,[드리븐] 속도가 향상된 자작자동차 연구 및 제작,19-Nov-20,2060,37.138,5,0:01:04,14823,2.92
dGrerXz7YaY,아는 형님의 누나의 아는 동생이~ 알려주는 산업경영학부 | 발표 열심히 듣는 모습 귀여워😉 [한국기술교육대학교/KOREATECH],18-Aug-23,2045,54.623,2,0:01:36,14573,7.28
ZNgQYXDf9AY,✨ 나래에게 물어봐 ✨,15-Jul-22,2014,12.2216,9,0:00:21,3695,12.34
rehX17PXQtI,"[한기대] 2023학년도 한국기술교육대학교 학생부교과, 논술, 정시전형 안내",25-Jul-22,1988,67.8818,3,0:02:02,24092,5.07
0gw7dBfOv8U,코리아텍 마네킹 챌린지(KOREATECH mannequin challenge),19-Nov-16,1987,26.7287,0,0:00:48,9603,3.12
5HohU5jZLOo,고용서비스정책학과 | 2022년 신설학과 [한국기술교육대학교/KOREATECH],11-Aug-21,1975,14.8152,11,0:00:27,33227,3.17
bsj1Oa9cd8k,[코리아텍/한국기술교육대학교] 광고영상5,28-Jun-19,1955,3.1813,19,0:00:05,188457,0.71
GaUNnbZGL8c,능력개발교육원  자격교육 오리엔테이션-신중년교직훈련과정 [한국기술교육대학교/KOREATECH],,1948,252.8294,22,0:07:47,24,0
YwgExlw4K1E,[한국기술교육대학교/코리아텍] 2019학년도 코리아텍 입학전형,22-Aug-18,1944,65.0518,10,0:02:00,34898,3.99
c3hWNivm8r0,[코리아텍/한국기술교육대학교]  '나래의 밤' 사후영상,29-May-19,1943,32.8294,4,0:01:00,26671,5.69
GC-ZZ8D4a4s,"컴공오면 VR도 만들공, 드론 코딩도하공😆 | 교수님 피셜 연애하면 A+ ?! | 한기대 컴퓨터공학부 파헤치기! |  [한국기술교육대학교/KOREATECH]",22-Aug-23,1940,44.177,2,0:01:21,13328,6.03
3QEvFaJ4C0c,[전기기사보다졸작] 딥러닝 기술과 Pick-and-Place 로봇을 이용한 스마트팩토리,19-Nov-20,1933,24.1104,0,0:00:44,11796,2.93
ZO83jT3_NAM,Konnect Ep.2 | 나에게 한기대란 | 메카트로닉스공학부_소예진 [한국기술교육대학교/KOREATECH],04-Jan-21,1920,49.8867,-1,0:01:33,25998,5.13
xFff_wLXigM,한국기술교육대학교 재학생 홍보대사 나래 15기 모집 영상📺 | WHO'S NEXT?  | 다음은 바로 YOU | (feat.아우누리 일반공지 30335번),27-Feb-23,1918,27.1632,-1,0:00:50,18498,7.48
WMnXJgeE_l8,"대학은 기술이다, 한국기술교육대학교 [한국기술교육대학교/KOREATECH]",05-Jun-20,1887,7.2239,1,0:00:13,19634,3.31
Xy0LGdZTxdE,[한국기술교육대학교/코리아텍]2019학년도 수시모집 홍보영상 - 2nd,31-Aug-18,1876,20.4521,2,0:00:39,24250,5.51
GLcRtDiU_k0,[KOREATECH] 2015 합격생 환영 동영상,30-Jan-15,1873,10.1299,0,0:00:19,3011,4.88
TxmahVwAK0c,[VLOG] 치타는 오늘도 달린다🐆 발등에 불 떨어진 대학생 시험기간 브이로그🔥,04-Jul-23,1869,50.2022,2,0:01:36,30903,4.81
G_zAHrtsrtE,개교 30주년 기념식 | 클로징(교가 제창) 영상,05-Nov-21,1860,26.5485,0,0:00:51,29553,4.38
kEL4uWA9snA,우리가 축제에 환장한 사람으로 보이나요? (งᐖ)ว 이 순간을 위해 입학했다! 대학 축제 브이로그 🎉,08-Jun-23,1843,68.1838,0,0:02:13,20611,6.39
7WR7s41r7N4,요즘 수험생들의 버킷리스트 TOP5는?🔥 | WingstudiO EP.1 [한국기술교육대학교/KOREATECH],26-Sep-21,1833,64.4864,-3,0:02:06,28335,4.85
eQPF8Z8AJ70,온라인 강의 이상과 현실[한국기술교육대학교/KOREATECH],06-May-20,1815,39.3663,6,0:01:18,27899,5.04
BSoYOnYM7_Y,"대학은 기술이다, 한국기술교육대학교2 [한국기술교육대학교/KOREATECH]",05-Jun-20,1795,6.8893,1,0:00:13,18029,3.49
bTzeZAYL3MQ,[코리아텍/한국기술교육대학교] 5초 광고영상2,09-Jun-19,1788,2.488,2,0:00:05,20313,4.93
UjoPEu79WAU,★구해줘! 나래★ 뚜둔! 2편으로 돌아옴! (ft. 캠퍼스투어_GEC & 다산 편),04-Oct-20,1780,40.218,2,0:01:21,23888,5.65
EN-uyDKkDns,[VLOG] 우당탕탕 컴공 MT 브이로그 | 전지적 학생회 시점 | 대학생 일상 | 🌈학생회 면접 | 방송부 일상,11-Apr-23,1765,65.0692,2,0:02:12,22677,5.47
Ns-hEoxG00E,편입학 졸업생 인터뷰 ㅣ 나와 한기대의 인연 ㅣ 메카트로닉스공학부_김유진,14-Dec-21,1763,25.8382,0,0:00:52,23886,5.59
KU0NLmQW2Co,Konnect Ep.3 | 나에게 한기대란 | 전기전자통신공학부_임규환 [한국기술교육대학교/KOREATECH],06-Jan-21,1760,43.7948,0,0:01:29,32184,4.02
i00adYhpuVk,소확행부터 P.A.R.T.Y. 까지🥳 대학축제를 말하다 #shorts #reels,18-Oct-22,1759,11.9621,0,0:00:24,16316,6.12
BnQxfzetDL0,[가제트포디] 딥러닝을 이용한 활주로 청소로봇,19-Nov-20,1742,22.5648,0,0:00:46,10056,2.44
JKNkfqcKwCM,무엇이든 물어보나? | 신입생 대상 온라인 이벤트🎉 [한국기술교육대학교/KOREATECH],23-Feb-21,1734,20.2241,1,0:00:41,20846,6.64
xohLEt-B33I,이게 바로...공대 썸? 두근두근 화학생명공학전공 LAB실 투어★ | 너 T야? 응! 나 KOREAⓣECH 이야! 😚| [한국기술교육대학교/KOREATECH],29-Aug-23,1730,52.7114,2,0:01:49,15971,6.39
HobRd7NM9Lg,[AJ] 신체가 불편한 사람들을 위한 시선추적 시스템 휠체어,19-Nov-20,1720,24.9975,0,0:00:52,10769,2.59
gFZC7kYAIXk,"푸바오 낙서를 건 한기대 수시전형 퀴즈게임! 이 게임...누가 이길까?👀 READY, SET, GO!",11-Aug-23,1708,36.8216,2,0:01:17,13869,5.18
NUEjlzLqvgI,2017년도 한국기술교육대학교 신입생 환영 영상,17-Jan-17,1706,11.2643,0,0:00:23,15367,4.87
U1-OOouYoZw,공대생은 자동차를 만들어🔨ㅣ한기대 자동차 설계 제작 동아리 자.연.인🚘,15-Sep-22,1700,13.8553,0,0:00:29,23013,5.34
sbgbPHQlNzs,코리아텍 오케스트라 동아리 플래시몹,24-Nov-14,1695,64.4998,2,0:02:16,17150,2.92
d9OQHG2dlew,"KOREATECH Official PR Film - Technology toward People, Education changing the world",28-Mar-22,1675,26.4307,8,0:00:56,23092,5.5
2cb2HhamlQk,[한국기술교육대학교/코리아텍] 신입생 환영 영상4,05-Feb-20,1665,9.9732,-4,0:00:21,18021,6.78
iE9VQk31sVY,2021 졸업작품 | 전기·전자·통신공학부 | 디지털 워터 커튼 [한국기술교육대학교/KOREATECH],30-Jun-21,1656,24.4831,1,0:00:53,18165,6.28
OxJ6pcEPDGE,재학생 홍보대사 나래 13기를 소개합니다 [한국기술교육대학교/KOREATECH],01-Sep-21,1653,18.2096,0,0:00:39,19546,7.07
XQ1rx0CR6Jw,[크로믹] Digitally controlled electrochromic boards,19-Nov-20,1646,20.3528,2,0:00:44,10835,2.44
VYjv48o_rdU,[로빈훗] AR 클레이 양궁 게임,19-Nov-20,1637,22.0181,-1,0:00:48,9974,1.25
tnn6A9E-DgM,2024년 한국기술교육대학교 입시 콘서트 : 한기대 한번 기대해봐!,11-Aug-23,1636,188.6343,32,0:06:55,16691,7.39
CliVDpZUGIU,[한국기술교육대학교/코리아텍] 코리아텍 일반전형 (논술) 통합 풀이영상,23-Aug-19,1634,61.1388,16,0:02:14,85638,1.42
_vkgnLTyQaY,Konnect Ep.5 | 나에게 한기대란 | 산업경영학부_오운진 [한국기술교육대학교/KOREATECH],08-Jan-21,1627,38.4214,2,0:01:25,34612,3.17
MooiJXDOqkI,2022학년도 정시전형 합격자 대상 캠퍼스투어 [한국기술교육대학교/KOREATECH],23-Mar-22,1624,26.6796,-1,0:00:59,19457,6.7
kieo0Q5Eo0I,[한국기술교육대-한국항공대-한동대] 공동 온라인 입시설명회 - 경기지역(2021.06.05),05-Jun-21,1620,184.0505,9,0:06:49,20764,4.97
0dWVihVIcB4,[코리아텍/한국기술교육대학교] 광고영상4,28-Jun-19,1617,2.6516,4,0:00:05,117643,0.94
mC1js-v59IE,[한국기술교육대학교] KBS2TV 굿모닝 대한민국 한기대 하이브리드 경진대회,31-Oct-12,1615,50.773,0,0:01:53,9845,3.17
q-PfUdm1Slw,[KOREATECH] 학생이 가장 행복한 대학! 한국기술교육대,09-Jul-13,1613,33.3504,0,0:01:14,6513,3.06
9EB0LFUe5pI,편입생은 학교에 만족할까?🧐ㅣ한기대 편입 인터뷰 하이라이트ㅣ한국기술교육대학교ㅣ편준생 주목✊,16-Dec-22,1611,10.7035,1,0:00:23,17712,2.65
Mm92GYkOsnY,"국내 유일★ 특별함이 가득한 고용서비스정책학과! | 공무원, 공인노무사, 공단, 대기업 취업 어렵지 않지😉| [한국기술교육대학교/KOREATECH]",31-Aug-23,1606,30.8162,3,0:01:09,13590,5.11
z81A0_WO6zM,[한국기술교육대학교/코리아텍] 코리아텍 재학생 홍보대사 나래 11기 모집,18-Feb-19,1604,23.2696,2,0:00:52,19570,5.68
_-lzmbsO5DY,대학생 가을🍂 플레이리스트 l 바이브부터 Day6까지 l 공대생 감성 플리 l 공대 대학 생활,26-Oct-22,1599,51.7672,-1,0:01:56,31339,3.87
LdxIDbJRA0U,코사이드 아웃   Q&A편[한국기술교육대학교/KOREATECH],05-May-20,1592,27.1023,3,0:01:01,17372,7.12
GAgG3BlJIrM,나래 12기 모집영상[한국기술교육대학교/KOREATECH],03-Mar-20,1591,11.9607,0,0:00:27,19951,6.03
p-f3NPcVyrk,수험생을 위한 의자 스트레칭🧘‍♀ | 유튜버 재미나 님과 함께한 요가영상 (feat. 집중력 향상),23-Oct-20,1542,23.3896,5,0:00:54,15711,4.12
X4b2ipmJitE,"4년간 5천만원? 장학금 막 퍼주는 대학이 있다?😲ㅣ공기업 기본 스펙, 면접 꿀팁 대방출 🧐 ㅣ한국기술교육대학교 졸업생을 만나다 Ep. 2 한국철도공사편",08-Feb-23,1540,54.3993,5,0:02:07,20417,4.87
DnzV-Z5xxFE,등록금 0원?너두?🤷‍♀️야나두🤷‍♂️! 코룡이와 알아보는 한기대 YES or NO,24-Aug-22,1535,45.0578,-1,0:01:45,24121,3.82
kEGQHR-aDXM,[팀304] 젠가 로봇,19-Nov-20,1535,15.3212,3,0:00:35,7992,2.4
JxZDIdAk8U4,KOREATECH 한기인상,06-Jan-14,1533,74.5858,2,0:02:55,3448,2.47
X49OudmpIJs,눈 돌아가는👀 한기대 졸작전시회 같이 갈 사람🙋‍♀️ㅣ2022학년도 졸업연구작품 전시회 [한국기술교육대학교/KOREATECH],28-Jul-22,1521,31.6134,0,0:01:14,18619,6.03
eEwIGCOAZVo,[한국기술교육대학교/코리아텍] 2020학년도 수시모집 영상,01-Sep-19,1517,15.4572,6,0:00:36,57677,1.76
yg7K2LX-CxM,[에스비에스] 스마트 안전모,19-Nov-20,1513,20.1783,1,0:00:48,10660,1.67
WI2jtNgw62I,[다이스] 얼굴인식을 기반한 초상권 침해 방지 시스템,19-Nov-20,1510,19.1644,1,0:00:45,7900,0.95
KFjZISDarBE,[로스구이] 음성인식과 컴퓨터 비전을 활용한 모바일 매니퓰레이션 시스템 통합,19-Nov-20,1506,19.105,0,0:00:45,8949,1.31
z85Odd-oLPk,P에게도 계획이 있다고?🤔 MBTI별 대학 생활 | WingstudiO EP. 3 [한국기술교육대학교/KOREATECH],30-Dec-21,1502,37.1255,1,0:01:28,21025,5.52
he1hJiE-y28,Konnect Ep.7 | 나에게 한기대란 | 건축공학과_최강식 [한국기술교육대학교/KOREATECH],20-Jan-21,1484,50.1396,0,0:02:01,29162,2.35
4XLn8I2fzm4,"한국기술교육대학교 제 6회 교육콘서트 - [한국기술교육대, 위드 코로나!]",17-Nov-21,1481,120.0216,-2,0:04:51,22833,4.66
V3mJ5fgyde4,아는 형님의 아는 동생이 알려주는 산업경영학부 빼이~ | 한국기술교육대학교/KOREATECH | #shorts #reels,18-Aug-23,1479,8.3977,0,0:00:20,6579,3.86
FQGgnv7h-2A,[회귀본능] PID 제어를 이용한 스튜어트 플랫폼 볼 밸런싱,19-Nov-20,1477,20.0692,2,0:00:48,3583,3.1
ObfAeC12Q0Q,[코리아텍/한국기술교육대학교] YTN 사이언스-한국기술교육대 스마트 러닝 팩토리 영상,15-Apr-19,1476,93.4714,4,0:03:47,32172,2.74
KYSCxadYFC0,[소통정통] 유튜브 연동 타임슬립 학습 플랫폼,19-Nov-20,1473,16.3843,0,0:00:40,7405,1.42
6PLPLHvFeDU,나래가 다녀온 2022학년도 정시 대학입학정보 박람회 #shorts,14-Jan-22,1464,9.6015,0,0:00:23,15510,4.16
EiHsV80yK7c,Konnect Ep.1 | 나에게 한기대란 | 컴퓨터공학부_오병호 [한국기술교육대학교/KOREATECH],04-Jan-21,1463,28.5182,2,0:01:10,18181,4.92
c6jPNbsJXBs,홍보대사 나래가 하는 일이 궁금하다고?🧐 여기야 여기! | 한국기술교육대학교 재학생 홍보대사 나래 14기 업무 소개 영상📽️(feat.회장단-기획운영팀-미디어홍보팀-콘텐츠디자인팀),25-Feb-23,1455,17.7762,2,0:00:43,16493,6.57
6wiJGxg35tQ,[아키블] 안드로이드 스튜디오 기반의 건축구조역학 교육용 어플리케이션 및 교구 개발,19-Nov-20,1434,17.7796,3,0:00:44,9432,1.28
v8Y6MiGgQGQ,능력개발교육원 교•강사 보수교육 오리엔테이션_기본교육(교직분야) [한국기술교육대학교/KOREATECH],,1426,71.3961,6,0:03:00,1,0
4wcZnn0Y2I4,나래 13기를 모집합니다! _ 나래 12기 부서별 업무소개 [한국기술교육대학교/KOREATECH],24-Mar-21,1424,14.9573,0,0:00:37,14497,7.91
nTMiDYoJtQ4,[코리아텍] 2016 나우리캠프,19-Feb-17,1416,64.2305,2,0:02:43,7710,5.3
nUpZCOVMXTA,[김동윤] 작업효율을 높이는 조경 전동 멀티 공구,19-Nov-20,1412,20.9482,1,0:00:53,10358,1.74
Z2DRY2sSino,2022학년도 논술고사 대비 문제 풀이 | 수학 | 오후 [한국기술교육대학교/KOREATECH],05-Jul-21,1408,26.4711,7,0:01:07,17421,6.41
FuE13Yew0ks,"우리 아이가 달라졌어요🧐, 대학생이 되고 달라진 점들! | WingstudiO EP. 7 [한국기술교육대학교/KOREATECH]",07-Nov-22,1406,44.1483,1,0:01:53,19390,5.87
YfigRC--mh0,학점보다 경험! 공대생 삼성전자 합격기ㅣ현직자피셜 삼성 취업 꿀팁,08-Mar-23,1405,55.5233,0,0:02:22,15416,5.77
FBaU_o4_YGk,재학생 홍보대사 나래 13기 부서별 업무소개 및 활동 [한국기술교육대학교/KOREATECH],07-Mar-22,1401,30.9482,-6,0:01:19,18538,6
ivBHpNU-2Ug,2021학년도 한국기술교육대학교 전형 소개_학생부 종합전형 [한국기술교육대학교/KOREATECH],04-Jun-20,1401,40.5416,4,0:01:44,23100,3.26
P74uWy8h-Kk,[코리아텍/한국기술교육대학교] 신입생vs고학번 퀴즈대결 행사 후 영상,16-Apr-19,1392,12.4669,2,0:00:32,18922,5.94
PSLaRqDh12I,떠나요~ 제주도~ 겁없이 뜨겁게! 한기대 국토대장정 소희 Vlog [한국기술교육대학교/KOREATECH],21-Sep-23,1389,47.7737,-3,0:02:03,23367,4.57
tq_5lmqNiF0,[한국기술교육대학교/코리아텍] 신입생 환영 영상2,05-Feb-20,1366,11.7764,-1,0:00:31,18345,6.2
QmzVvarmPXg,2021 졸업작품 | 메카트로닉스공학부 | 비전 시스템을 이용한 인공지능 불량 판별 시스템 [한국기술교육대학교/KOREATECH],09-Jul-21,1363,22.7943,1,0:01:00,20223,4.74
c52jij3uYdg,[한국기술교육대학교/코리아텍]신입생 환영 영상 1,05-Feb-20,1349,10.8724,-1,0:00:29,17324,6.29
sdSPCz8U0BM,대학교 오면 이런 사람 꼭 있다? 한 번쯤 꼭 봤을 대학생 유형😤 | WingstudiO EP. 9 [한국기술교육대학교/KOREATECH],18-Mar-23,1342,37.0229,1,0:01:39,18117,6.09
BjZXpjG0Hk4,2021 졸업작품 | 기계공학부 | 실내 공기질 개선을 위한 스마트 창문 제어 시스템 [한국기술교육대학교/KOREATECH],01-Jul-21,1338,24.6734,1,0:01:06,15816,5.2
DQhLG39Q83A,우리…마라탕 먹을 수 있을까?😢 l 대학교 장학제도 알아보기 #shorts #reels,13-Mar-23,1337,11.0339,0,0:00:29,13765,4.13
4OMujgjczqY,"🌈소개는 우리가 할게, 이용은 누가 할래? 한줌단's 대학시설 뽀개기 👊🗯️| 보건실 이벤트 시간 확인 주의 ;;🚨 | 결국 성적공개?! | 대학생 일상 | 봄맞이 피크닉🧺🌸",09-May-23,1334,42.777,0,0:01:55,22186,4.22
HJUz8sdvBkg,[메조] Li-SOCI2 전지 고율특성 향상을 위한 나노구조 탄소 양극재 합성 및 전기화학적 특성에 관한 연구,20-Nov-20,1333,13.1024,2,0:00:35,8539,1.22
wKklRQu8s1g,무엇이 당신의 공부를 멈추게 하나요?_컴퓨터공학부 홍보영상 [한국기술교육대학교/KOREATECH],02-Jun-20,1305,16.5069,0,0:00:45,16443,6.22
UQQPMgyRzy0,"K-대학생 과제 공감 ""내 과제 유형은?"" 나는.. 정상이지👀 [한국기술교육대학교/KOREATECH] #shorts #reels",08-Sep-23,1291,11.5379,2,0:00:32,8672,3.25
qIu7hY4ISPw,나래 13기 모집 설명회 [한국기술교육대학교/KOREATECH],15-Mar-21,1288,13.6887,-1,0:00:38,13611,7.63
9wgXgE3x3FU,대학생 연애 밸런스 게임 l 환승이별 VS 잠수이별 l 얘들아 진정해😫 l WingstudiO EP. 6 [한국기술교육대학교/KOREATECH],06-Sep-22,1282,30.2092,0,0:01:24,22397,4.81
6DlNzkPpun8,시험 기간? 우리랑 같이 공부하자! 📖 | 밤샘 Study with Me | 공대생 스터디로그 [한국기술교육대학교/KOREATECH],03-Jan-23,1279,22.9401,1,0:01:04,15458,6.54
YFe-4VCa4NA,★현실주의★ 친자매가 같은 학교에 다니면 생기는 일 (ft. 코룡이 귀.여.워) [한국기술교육대학교/KOREATECH],13-Jul-20,1278,34.1267,0,0:01:36,14793,6.94
gVwRwommjeY,[코리아텍]수시 1단계 전형 합격자대상 코리아텍 홍보영상,11-Oct-17,1255,9.5664,2,0:00:27,12729,4.78
Q75ryBvtpGQ,"코룡아, 나 지금 되게 신나🧡오늘만을 기다렸다😏한기대 나우리캠프👀 #shorts #reels",21-Mar-23,1244,7.0604,2,0:00:20,12625,3.41
dQAb6YzVBhk,프로그래밍 못 해도 컴공 취업 가능한가요?😳ㅣ중소기업에서 네카라쿠배 이직한 썰까지ㅣ한국기술교육대학교 졸업생을 만나다 Ep. 3 카카오뱅크편,13-Feb-23,1244,39.1479,3,0:01:53,19067,3.9
TDLTzl-R694,"야, 너두 코딩할 수 있어!_컴퓨터공학부 홍보영상2 [한국기술교육대학교/KOREATECH]",02-Jun-20,1203,12.5616,4,0:00:37,14829,6.14
TDkMRmkNfj4,어차피 그거 다 기계임;; 갓벽한 기계 클래쓰😏 취업률까지 완벽-☆ | [한국기술교육대학교/KOREATECH] #shorts #reels,24-Aug-23,1198,7.965,1,0:00:23,11322,3.48
 -H_b3izTbT4,"입사 면접보다 눈물 흘린 썰💦ㅣ공기업 기본 스펙, 면접 꿀팁 대방출 🧐 ㅣ한국기술교육대학교 졸업생을 만나다 Ep. 1 한국서부발전편",01-Feb-23,1184,37.2113,-1,0:01:53,17833,4.23
nQngQmDa4dM,"졸업만 해도 직훈교사 자격증을 주는 학교가 있다?!🤭ㅣ취업을 위한 치트키?한정판?😎ㅣ한기대를 더 특별하게, HRD 부전공!",28-Mar-23,1184,28.7943,3,0:01:27,17511,4.89
vygijwz7ZX4,Konnect Ep.4 | 나에게 한기대란 | 에너지신소재화학공학부_오현철 [한국기술교육대학교/KOREATECH],07-Jan-21,1182,28.15,1,0:01:25,26973,3.04
ldWUCHH6glY,개교 30주년 기념식 | 한기대 인연과 바람(30인) 인터뷰 풀버전,03-Dec-21,1178,39.6602,-1,0:02:01,19545,3.13
yKvZCakWTX8,[코리아텍] 재학생 홍보대사 나래10기 모집 영상,22-Feb-18,1171,19.6359,2,0:01:00,14892,5.31
1QLq2znZ4Gw,"라오스에서 컴퓨터실 만든 썰 푼다ㅣ대학교 해외봉사✈️ 브이로그ㅣVLOG in Luang Prabang, Laos🇱🇦ㅣ2022 한국기술교육대학교 동계 국외봉사 브이로그 Ep. 1",17-Feb-23,1167,40.6805,-1,0:02:05,17324,4.42
iLcTjsSWyCY,[한국기술교육대학교] 대전MBC_2012.10.12 졸업작품전시,22-Oct-12,1162,18.9765,0,0:00:58,5106,3.06
d16fXqIUhHY,KOREATECH 20년사 홍보동영상,06-Jan-14,1161,35.7349,1,0:01:50,2798,2.25
35EHPBBYBHw,[코리아텍]클래스를 증명하다,26-Jan-16,1160,18.7321,1,0:00:58,11030,4.62
SgRep4WAndE,2024학년도 논술고사 대비 문제 풀이 [23학년도 기출]｜수리논술｜오전 [한국기술교육대학교/KOREATECH],26-Jul-23,1158,25.5151,4,0:01:19,10878,6.32
zlF-EyGndQg,[ 한국기술교육대학교 - KOREATECH ] 청년실업 해법- 이기권 총장,23-Jul-13,1157,18.3836,0,0:00:57,7427,5
lYOhbQ8qL1Q,종강을 영화로 표현하면?🎥 #shorts #reels,12-Jul-23,1154,5.2572,-1,0:00:16,7782,6
TLUHC1BuI5I,방구석 인터뷰[한국기술교육대학교/KOREATECH],04-May-20,1151,17.5377,2,0:00:54,16488,5.27
bfbRCpwz550,[vlog] 단풍이 들면 중간고사가 찾아와요 | 학부연구생 | 대학생 시험기간 브이로그 | 독립기념관 단풍 | 한국기술교육대학교,31-Oct-22,1143,28.1541,4,0:01:28,17190,5.32
YlrzVe44Tso,2022학년도 논술고사 대비 문제 풀이 | 수학 | 오전 [한국기술교육대학교/KOREATECH],05-Jul-21,1141,22.6307,4,0:01:11,21737,3.23
vccFvmdWEak,Konnect Ep.8 | 나에게 한기대란 | 기계공학부_류호재 [한국기술교육대학교/KOREATECH,28-Jan-21,1141,26.3519,-1,0:01:23,27382,2.34
pGGXGYXbHzs,[vlog] 사망년의 끝자락 근데 이제 월드컵을 곁들인 | 월드컵 단체관람 | 대학생 브이로그 | 팀플 브이로그 | 한국기술교육대학교,07-Dec-22,1138,25.4918,1,0:01:20,18486,4.96
YSnRm1Sxaqw,"[VLOG] 학교에 못 보던 건물이 생겼다...! | 대학생 브이로그 | 한국기술교육대학교 | 컴공 브이로그 | 빈 강의실인 줄 알았지만, 조교님이 있었다면??",25-Oct-23,1133,47.412,2,0:02:30,13054,5.59
7P2k5gffdMs,★구해줘! 나래★ 3편 두둥탁! (ft. 캠퍼스투어_학생통합지원센터&복지관 편) [한국기술교육대학교/KOREATECH],07-Nov-20,1120,28.7004,3,0:01:32,12601,7.24
I9MqHNUriNY,한기대 선배들이 수능 백일을 앞둔 너에게 하고싶은 이야기🧡,09-Aug-22,1115,11.3852,1,0:00:36,21552,4.34
iY0TcPD4lNU,2022학년도 입학전형 안내 [한국기술교육대학교/KOREATECH],02-Jul-21,1111,40.7785,2,0:02:12,24467,2.41
 -uV3GEPUqF8,한국기술교육대학교 홍보대사를 모집합니다!!,27-Feb-17,1107,9.8858,0,0:00:32,13261,4.4
_dvCt9MYavw,[코리아텍] 졸업작품으로 특허출원... 기술이전 계약도,10-Aug-16,1107,15.4478,0,0:00:50,15113,3.89
BRDH7_whv-g,HRD - DAY [ HRD 전문가 직업 세계 탐구 및 이해 ],,1106,414.7101,-2,0:22:29,7256,11.73
1jdleMD1Rb0,[VLOG 🇻🇳] 그쪽도 파이썬을 아세유? 홍홍홍💻 | 베트남 교육봉사 1탄,13-Sep-23,1089,36.4945,1,0:02:00,16848,4.74
9tPoTFi19jA,[한국기술교육대학교/코리아텍]2018학년도 코리아텍 고교생 과학캠프 : 고교생들을 위해,22-May-18,1084,24.8578,1,0:01:22,18917,4.1
7c3IBNplMnc,2021학년도 한국기술교육대학교 전형 소개_논술전형 [한국기술교육대학교/KOREATECH],04-Jun-20,1075,25.4179,2,0:01:25,22066,3.69
tLKn4aOPReE,한기대 최첨단 인프라 맛보기! AII ABOUT 다담 미래학습관 [한국기술교육대학교/KOREATECH],12-Sep-23,1069,32.1686,1,0:01:48,12491,6.49
8sGTDx0uMsw,Konnect Ep.6 | 나에게 한기대란 | 디자인공학과_김태영 [한국기술교육대학교/KOREATECH],14-Jan-21,1067,24.6749,1,0:01:23,29512,2.56
9Vb_bRFj_bs,한국기술교육대학교 '2020 온라인 한율제',07-Oct-20,1066,3.6233,1,0:00:12,7614,8.87
 -gEd66t49BI,"[VLOG] 2학년 2학기 개강,, 엠티 앞풀이와 실험 왕창 하는 영상.. 생애 첫 클라이밍도 다녀왔음 !ㅣ한국기술교육대학교ㅣ연구활동종사자 일반건강검진ㅣ근로장학생ㅣ클라이밍",13-Oct-22,1065,31.0611,1,0:01:44,11752,6.81
noVcSSVZf3E,"안녕, 23학번! #새내기 #23학번 I [한국기술교육대학교 / KOREATECH]",26-Jan-23,1058,7.517,0,0:00:25,10975,4.87
FU05liGSpYU,KOREATECH 홍보동영상(영문),20-Mar-13,1053,41.3824,3,0:02:21,2289,2.49
phaqKJLUj2s,What's in my BAG? | 나래 13기 [한국기술교육대학교/KOREATECH],27-Jun-21,1053,21.4104,-1,0:01:13,8693,8.69
tXOZShWnuUs,크리스마스 하면 선물이지!😘 X-MAS 선물증정식 | WingstudiO EP. 8 [한국기술교육대학교/KOREATECH],23-Dec-22,1052,33.3547,7,0:01:54,14116,5.69
EN4OzvpOSLg,"한국기술교육대학교 다담미래학습관을 소개합니다! One-spot Cutting-edge EduTech Center, Dadam Future Education Building",16-Sep-23,1046,17.1556,2,0:00:59,11238,7.37
wA8xGJBTakU,[코리아텍/한국기술교육대학교]  이성기 총장 TJB생방송투데이 초대석,28-May-19,1038,31.1156,4,0:01:47,24562,2.85
N0FA_59cGr0,큰 거 왔다...! 나래의 모든 것을 나래등판에서 확인하세요 😎 | WingstudiO EP. 10 [한국기술교육대학교/KOREATECH],10-May-23,1029,24.2036,0,0:01:24,13036,6.23
EQHzGZzBlQs,대학 캠퍼스 겨울 풍경ㅣWinter Wonderland in KOREATECHㅣSnow sceneryㅣSnow-coveredㅣ힐링영상,26-Dec-22,992,5.43,2,0:00:19,14691,3.55
JFVF16-YYes,2023 코엑스 수시 대학입학 정보박람회 스케치 | 한국기술교육대학교 | 홍보대사 나래,17-Aug-22,990,12.9256,0,0:00:47,15717,5.47
AvF7Pd40Ez4,2016 05 28나래의 밤,10-Jun-16,974,35.6936,1,0:02:11,7230,5.02
kTSECVxKyQk,2021 졸업작품 | 전기·전자·통신공학부 | 머그컵 온도 유지형 인덕션 설계 [한국기술교육대학교/KOREATECH],30-Jun-21,973,13.0774,0,0:00:48,10629,3.66
s28brBeUsPo,한기대 KORUS 팀 하이라이트ㅣ2022 대학생 창작자동차경진대회 자율주행차 부문 금상ㅣ라이브 스트리밍 편집본,25-Oct-22,970,27.8569,0,0:01:43,18497,3.53
iysZ0_GAdKo,"내가 한기대를 만나서ㅣ전기전자통신공학부 조한강ㅣ한기대, 그리고 꿈ㅣ한꿈 강연",02-Dec-22,969,49.1479,0,0:03:02,21063,3.68
n14m6fGOJSA,#가을 타는 #대학생의 #플레이리스트? 🧐 #shorts #reels,26-Oct-22,968,5.1298,0,0:00:19,19278,1.66
5uQSoej4egg,취창업 지원센터 이용 안내 [한국기술교육대학교/KOREATECH],18-Dec-20,961,16.4776,2,0:01:01,13650,2.62
PK-cCdNZ1D4,여름 한기대 DAY & NIGHT,13-Jul-22,960,3.4284,-1,0:00:12,12072,4.73
8AtKZfZ6LgQ,KOREATECH (한국기술교육대학교) 홍보동영상(영문),27-Mar-13,957,28.5912,0,0:01:47,6548,2.72
T-uKRmDH0_Q,교수님 피셜 연애하면 A+ ?! 한기대 컴퓨터공학부 파헤치기! | [한국기술교육대학교/KOREATECH] #shorts #reels,22-Aug-23,956,7.7287,0,0:00:29,10391,2.64
VI2sZ8JpnBI,한국기술교육대학교 2021학년도 수시 모집 영상 [한국기술교육대학교/KOREATECH],20-Aug-20,954,4.0137,0,0:00:15,16814,3.65
hfAyneyFR0Q,역대급 선물과 🐶쩌는 기업들이 온다! 2023년 한국기술교육대학교 취업박람회 본격 개최!,06-Sep-23,949,7.6261,-1,0:00:28,13087,5.38
l39hlUIGv2k,"이제 알게 될 거야, 네가 몰랐던 너의 가능성🌟 l 2023학년도 한국기술교육대학교 수시모집 #shorts",08-Sep-22,946,4.9017,0,0:00:18,17574,3.1
sdANP1RMeq8,2분만에 보는 한기대 졸업식ㅣ2022 한국기술교육대학교 학위수여식,15-Mar-23,946,13.7277,2,0:00:52,13987,5.6
SvvI5lly3Y0,[나래연구소🧪]   학식 VS 식당 VS 배달 || 여러분의 한기대 최고의 한 끼는?🍙🍛,03-Jun-23,941,39.8762,1,0:02:32,28799,2.54
 -QlVlYXg6r8,디지털신기술 전문가 초빙 특별 교육 영상 [한국기술교육대학교/KOREATECH],17-Mar-21,937,18.8013,4,0:01:12,15576,1.48
gZdJLu_2CCA,개교 30주년 기념식 | 특별전시 영상 스케치,05-Nov-21,934,13.9462,-7,0:00:53,47766,1.1
SAkCWvhrbpw,2021 졸업작품 | 기계공학부 | 전통킥보드 안전주행 시스템 [한국기술교육대학교/KOREATECH],01-Jul-21,921,13.7425,0,0:00:53,13701,4.17
ekh5_4r9J3E,셀카 못 찍는 코룡이의 고민! 해결해 줄 사람 손👋#shorts #reels #코룡이🐲 #한국기술교육대학교,14-Feb-23,908,4.9466,-1,0:00:19,10863,3.19
lTJTTLojvYk,"취업고민 멈춰✋ 공기업, 외국계, 중견기업 다 모인 한기대 취업박람회로 취뽀 GABOZAGO [한국기술교육대학교/KOREATECH]",20-Oct-23,904,18.8461,0,0:01:15,15756,4.23
5vA_su6WT-8,개강을 영화로 표현하면?🎥 #shorts #reels,25-Sep-23,898,4.3235,1,0:00:17,3556,5.2
hdHP9AdSpKM,CheerUP_21학년도 취업아카데미 4월7일 ②,07-Apr-21,893,135.627,3,0:09:06,14078,3.97
cbjz_YGZOrU,"[코리아텍/한국기술교육대학교] 한맥제 ""나래팡"" 사후영상",14-May-19,891,11.1116,3,0:00:44,16465,4.08
t6gMgB0HLbA,2022학년도 논술고사 대비 문제 풀이 | 자료제시형언어논술 [한국기술교육대학교/KOREATECH],05-Jul-21,890,26.3068,3,0:01:46,23567,2.59
c5uHbCRJO2Y,[한국기술교육대-한국항공대-한동대] 공동 온라인 입시설명회 - 대전세종충청지역(2021.06.26),26-Jun-21,885,118.5522,5,0:08:02,14542,3.58
A-m4jqOTW3Q,"코딩 교육, 참 쉽죠?🤓ㅣ대학교 해외봉사✈️ 브이로그ㅣVLOG in Luang Prabang, Laos🇱🇦ㅣ2022 한국기술교육대학교 동계 국외봉사 브이로그 Ep. 2",24-Feb-23,877,28.6055,2,0:01:57,14643,4.37
g21IAUY96uo,재학생 홍보대사 V-LOG | 나래 13기 [한국기술교육대학교/KOREATECH],30-Jun-21,874,16.0106,1,0:01:05,7579,8.99
 -Vz6HezpjeU,2021 하반기 졸업작품 | 메카트로닉스공학부 | 김예림 [한국기술교육대학교/KOREATECH],18-Oct-21,870,15.3077,2,0:01:03,11701,5.59
G-qFTu9yEvs,[코리아텍]재학생 홍보대사 나래9기 하반기 워크샵,14-Feb-18,870,19.1611,1,0:01:19,10817,5.42
RoM_g6n4Tus,[코리아텍]2016학년도 합격생 환영 동영상,26-Jan-16,867,5.5963,0,0:00:23,4607,4.84
NBbhnQ2WL-k,개교 30주년 기념식 | 기념식 하이라이트,03-Dec-21,862,15.7851,-2,0:01:05,13638,5.13
RPgMBfhRDGY,[코리아텍]TJB 대전방송 코리아텍 소개 영상(김기영 총장 인터뷰),08-Feb-18,860,84.4847,0,0:05:53,20638,2.37
TjCRjvDSJlc,개교 30주년 기념 영상 [한국기술교육대학교/KOREATECH],02-Nov-21,857,9.283,1,0:00:38,16108,3.74
QCWkjHhPwwc,[총장님 인사말] 대한민국 미래를 이끌어 갈 젊은 인재들의 4년간의 땀 !,21-Nov-20,854,7.3239,-2,0:00:30,11740,4.67
FTwq7k8QAzk,[한국기술교육대학교/코리아텍]교수학습센터 찾아가는 학습전략컨설팅 영상,08-Oct-19,850,15.3665,1,0:01:05,19713,2.81
JP9IOWAO4MY,2021학년도 한국기술교육대학교 학위수여식,18-Feb-22,850,124.0845,1,0:08:45,9085,4.31
w0fWT5CIQaA,[코리아텍] 2017년 코리아텍 재학생 홍보대사 나래의밤 영상,05-Jun-17,847,15.1218,0,0:01:04,8870,4.27
MjAaUwzVMeM,[코리아텍]실천공학 기술자 TJB대전방송 캠페인,02-Mar-18,842,6.0475,0,0:00:25,12370,3.7
mOWzBsfSKBQ,[한국기술교육대학교/코리아텍] 소생캠페인,06-Dec-19,839,14.0535,1,0:01:00,18133,2.83
foHF0hOc2bM,[한국기술교육대학교] 수시 원서 접수 SSG 광고 패러디영상,18-Sep-16,836,6.7949,0,0:00:29,10527,2.41
0zoMwLva4hM,"💸금융치료 해주는 반도체 취업 꿀팁ㅣ대학에서 보내 준 미국, 유럽 여행?😎ㅣ한국기술교육대학교 졸업생을 만나다 Ep. 4 ASML Korea편",22-Feb-23,834,31.5165,1,0:02:16,17973,3.46
Gxp9SfH1eRY,"한기대 ROBLOX 캠퍼스에서, Play Together! [한국기술교육대학교/KOREATECH]",23-Mar-22,824,7.2481,0,0:00:31,12657,3.37
lolulhJStWU,어떤 날의 꿈 | 재학생 홍보대사 나래 14기 모집 영상  [한국기술교육대학교/KOREATECH],04-Mar-22,821,14.2653,0,0:01:02,12110,5.16
XLUIts32jh0,이게 바로..공대 썸? 두근두근 화학생명공학전공 LAB실 투어★ | 너 T야? 응! 나 KOREAⓣECH 이야!😚| [한국기술교육대학교/KOREATECH]#shorts #reels,29-Aug-23,816,4.7486,0,0:00:20,9278,2.46
58X-Vupllcc,개교 30주년 기념식 | 오프닝(주제) 영상,05-Nov-21,811,10.3165,-4,0:00:45,23115,2.4
0o84xeKETWI,💸억 소리 나는 장비 부자 한기대 에너지신소재공학전공 | 비싼 장비 너무 탐난다🤑 | [한국기술교육대학교/KOREATECH] #shorts #reels,25-Aug-23,805,4.3007,0,0:00:19,6600,1.62
Ur4D1UglyUg,2021학년도 한국기술교육대학교 정시 모집 안내 [한국기술교육대학교/KOREATECH],16-Dec-20,803,12.4693,0,0:00:55,15233,4.15
hRyfOJXA0ZQ,한국기술교육대학교 2차년도 대학혁신사업단 성과확산을 위한 우수사례 발표회 [한국기술교육대학교/KOREATECH],17-Feb-21,801,92.4147,-2,0:06:55,21546,1.9
uuDwXN2MQHY,"이제 알게 될 거야, 네가 몰랐던 너의 가능성🌟 l 2023학년도 한국기술교육대학교 수시모집 #shorts",07-Sep-22,797,4.9094,0,0:00:22,20419,1.52
qoQSkrY2BaM,교수학습센터 | 제 5회 KOREATECH! 교육콘서트 영상 [한국기술교육대학교/KOREATECH],31-Dec-20,791,61.3744,6,0:04:39,20123,2.53
Bf98o-k5IDE,2021 졸업작품 | 전기·전자·통신공학부 | 시각장애인을 위한 라벨러 [한국기술교육대학교/KOREATECH],30-Jun-21,783,10.2615,0,0:00:47,10897,4.23
BkdUDByCHYI,공대생 언니오빠들의 취미생활 🤭ㅣ2022 MetaRobo 경진대회 현장 스케치ㅣ한국기술교육대학교,12-Jan-23,782,14.0233,-1,0:01:04,17851,3.03
kmcNiPpaJ40,CheerUP_21학년도 취업아카데미 4월7일 ①,07-Apr-21,776,81.7641,3,0:06:19,11709,2.95
1hluZdn9JGg,홍보대사 프로필 촬영 스케치 필름 📸 #한국기술교육대학교 #나래15기,29-Aug-23,775,10.0023,0,0:00:46,13297,4.39
NMsKhf1iWIo,[한국기술교육대] 이성기 총장님 2022학년도 신입생 입학 축하영상,21-Feb-22,775,11.5551,-5,0:00:53,15949,3.62
MOC14mYYSDI,2021학년도 한국기술교육대학교 학위수여식,18-Feb-22,772,24.5588,-1,0:01:54,16483,3.59
cUgPfiFOi5o,박람회 V-LOG | 2022학년도 대입 광주 진로진학 박람회 [한국기술교육대학교/KOREATECH],03-Aug-21,768,7.213,1,0:00:33,15105,3.87
Vobe-GnEhFQ,대학교 도서관 뽀개기ㅣ다산정보관 활용백서 (🍯TIP 가득!)ㅣ한국기술교육대학교,24-May-23,752,15.6182,-1,0:01:14,13593,4.26
ek7X4rsa0A0,개교 30주년 기념식 | 한기대 인연과 바람(30인) 인터뷰 하이라이트,05-Nov-21,752,15.1194,0,0:01:12,21422,2.12
_6qYKFWbkME,코리아텍 후배사랑 모교사랑 발전기금 홍보영상,06-Dec-15,747,36.0516,0,0:02:53,7551,2.62
hey5fgdf59w,[옥션마켓] 딥러닝 기술과 Pick-and-Place 로봇을 활용한 스마트팩토리,27-Nov-20,747,8.2832,1,0:00:39,16725,3.52
o_943SA0gz4,[한국기술교육대학교/코리아텍] 2020학년도 논술대비 기출문제 풀이영상 (오전 - 수학),22-Aug-19,745,16.4063,2,0:01:19,14292,3.26
wIBYlflCI7o,코리아텍 마네킹챌린지 2,21-May-17,739,7.9709,0,0:00:38,7277,4.26
Fp2dXZbrzWU,2021 졸업작품 | 디자인·건축공학부 | 천안복합역사 개발 계획안 [한국기술교육대학교/KOREATECH],27-Jun-21,738,11.1463,-1,0:00:54,6690,3.71
S1ndM5Rd-sU,2021 졸업작품 | 전기·전자·통신공학부 | 영상인식과 UWB를 이용한 1인 미디어용 트래킹 촬영장비 [한국기술교육대학교/KOREATECH],30-Jun-21,733,17.3105,2,0:01:25,11055,3.84
Vxw9NNlWi38,"라오스 고등학생들과 코딩으로 놀기-★ㅣ대학교 해외봉사✈️ 브이로그ㅣVLOG in Luang Prabang, Laos🇱🇦ㅣ2022 한국기술교육대학교 동계 국외봉사 브이로그 Ep. 3",09-Mar-23,726,18.5878,-2,0:01:32,13610,3.81
LCSNKdV0OXo,"[KTV 다큐기획 정책현장을 가다 _17회 고용서비스정책학과 Cut] 고용 사각지대 ZERO, 함께 보람된 일상으로",26-Dec-22,725,15.7083,-2,0:01:18,15387,3.26
NZolFcpKF9I,[한국기술교육대학교/코리아텍] 2018년 코리아텍 재학생 홍보대사 10th 나래의 밤,31-May-18,718,9.2958,0,0:00:46,13105,4.09
QmDw1BNddLQ,[VLOG] 누가 아직 종강 안 했니? 네 제가 '누'입니다 | 계절학기 생존기 | 종강 후 대학생 브이로그,16-Aug-23,717,23.2212,1,0:01:56,12018,4.59
ERcM010t1Sc,"[TJB 생방송투데이] 이기권 한국기술교육대 총장 인터뷰 & 드리븐, 앙클, 재학생인터뷰",23-Jul-13,714,26.8816,0,0:02:15,5492,1.78
X-H71EydLVI,[한국기술교육대학교/코리아텍] 학생부 종합 전형 소개 자료,22-Aug-19,713,19.4859,1,0:01:38,15527,2.07
7GCVxjXaSUE,코리아텍 공감영상 「수강신청 끝나지 않았다.」,23-Jan-17,687,8.1964,2,0:00:42,6122,5.72
Ma0PeVa60pI,"Technology for People, Education that Changes the World l 2022 KOREATECH official PR film",28-Nov-22,681,9.4538,0,0:00:49,17391,3.12
uFZ6G7d_l8c,[한국기술교육대] 이성기 총장님 2021학년도 신입생 입학 축하영상,22-Feb-21,679,10.7273,1,0:00:56,14888,2.7
MeI0uHEzdhI,한국기술교육대학교 이성기 총장님 2019학년도 학위수여식 축하영상[한국기술교육대학교/KOREATECH],21-Feb-20,678,11.063,0,0:00:58,11122,2.58
UXi-sdlINLA,[직업능력개발 세션] 한국기술교육대학교 고용직업능력개발센터 고용 및 직업능력개발 연구 학술대회,20-Jan-22,677,49.3475,0,0:04:22,26893,1.54
rgt6eoQkSUU,"'청년이 일하는 사회, 우리의 미래' 공익캠페인",03-Jan-18,674,6.5607,2,0:00:35,8926,3
FzfgTl14S5U,KOREATECH Hybrid,06-Jan-14,672,47.0532,0,0:04:12,2240,1.07
HC_7U76QgnY,"불면증, 스트레스 해소에 좋은 피곤함 완화 요가🧘‍♀ (with. 유튜버 재미나 GEMINA) [한국기술교육대학교/KOREATECH]",06-Feb-21,671,11.5066,0,0:01:01,13395,3.51
QBpuY5V0Ix4,"학교 공간에 이름을 지어주세요! l 한글날, 한기대 우리말 작명소",09-Oct-22,671,4.5771,-2,0:00:24,8061,6.74
WdoIgTce2cQ,"[코리아텍/한국기술교육대학교] 한맥제 ""나래팡"" 사전영상",07-May-19,665,6.7687,-1,0:00:36,15277,3.32
_EgMpp5FPow,[KOREATECH] 2015 홍보동영상,21-Jan-15,665,26.0301,0,0:02:20,2273,1.8
0Q1XaIjVU7c,"2022년 한기대, 그리고 꿈_ 한꿈 강연",23-Nov-22,662,63.2745,3,0:05:44,8307,4.72
MHssHSagiss,팀 프로젝트 V-LOG | 산업경영학부 [한국기술교육대학교/KOREATECH],11-Aug-21,660,10.5079,2,0:00:57,8204,6.46
e2ztyJqsvM0,"[한기人터뷰] 조리사님, 총학생회장, 학부모님까지? 😲당신이 바라는 한국기술교육대학교는?ㅣ유길상 총장님 취임식 축하 영상 메시지",30-Aug-23,646,10.1757,0,0:00:56,12938,3.82
Jh4Kq0K4ifY,[한국기술교육대학교/코리아텍] 2018학년도 코리아텍 고교생 과학캠프 : 2nd 영상,28-May-18,635,13.5305,3,0:01:16,13454,3.49
4Tx75A92oJ4,"고민있는 날에, 나래 라디오 | 나래 13기 [한국기술교육대학교/KOREATECH]",23-Jun-21,631,8.9735,0,0:00:51,4770,8.36
LclNKwQyqxU,[코리아텍] '자율주행자동차 영상' 화제,03-Apr-18,629,18.9217,0,0:01:48,10689,3.2
mvY0g-rawJY,"[한국기술교육대학교/코리아텍] 학술제 ""나래 문방구"" 홍보동영상",08-Oct-18,629,4.2444,0,0:00:24,11545,3.5
Ij8SdhFbwcI,2021학년도 한국기술교육대학교 전형 소개_학생부 교과전형 [한국기술교육대학교/KOREATECH],04-Jun-20,616,13.4741,1,0:01:18,15245,2.43
n5snW4-9WpU,2020 졸업작품ㅣAR당구ㅣ강승우ㅣ전기전자통신공학부ㅣ전자공학전공 [한국기술교육대학교/KOREATECH],13-Oct-22,613,14.9074,1,0:01:27,5833,6.43
fmvgPXQg5B0,[코리아텍] 한맥제 '드림하이 프로젝트' 행사 영상,05-Jun-17,611,3.9962,0,0:00:23,6592,3.97
Uxh-epwOxmk,[코기자가 간다] 코간다 하이라이트 | 주기자가 간다 패러디 (feat.가제트 이승수 팀장님),05-Feb-23,610,10.9066,0,0:01:04,13096,3.6
XBrIe7efETk,한국기술교육대학교 이성기총장님 입학식 축하영상[한국기술교육대학교/KOREATECH],25-Feb-20,609,10.0081,2,0:00:59,14048,3.07
S15QTCJyAFw,한국기술교육대학교 개교30주년 대학발전기금 모금 캠페인,16-Nov-21,607,7.4759,5,0:00:44,16382,2.71
QXptLJkltTE,[한국기술교육대학교] JTBC_12.10.22 한국기술교육대 가제트팀 '말춤',22-Oct-12,603,11.1624,0,0:01:06,3806,2.08
Au6AaDzEVZs,개교 30주년 기념식 | 기념사 및 비전 발표,03-Dec-21,600,17.7107,3,0:01:46,15380,2.08
_fEIuKLxiJM,[한국기술교육대학교/코리아텍] 논술 전형 코리아텍 일반 소개 자료,22-Aug-19,598,10.5076,1,0:01:03,15578,2.46
 -kMr0X9HQQw,2021 졸업작품 | 기계공학부 | 자동화 센서 및 베어링을 활용한 스마트 채소결속기 [한국기술교육대학교/KOREATECH],01-Jul-21,593,10.6826,0,0:01:04,11196,3.4
JUY3ONMd4js,[코리아텍]나는 KOREATECH 학생입니다 학술제 행사영상,22-Oct-17,588,6.7724,0,0:00:41,8252,3.28
R6V6SnOsNwA,코리아텍 2016 고교생 과학캠프,15-May-16,587,14.3357,0,0:01:27,4165,2.86
zQABXudJmr8,농활 Vlog Ep.1 [비가 와도 삽질은 멈출 수 없어] l 공대생들의 농촌봉사활동 체험기,18-Sep-23,582,14.5813,-1,0:01:30,12422,3.28
PHBbuptfYwU,한기대 K-BUB 팀 하이라이트ㅣ2022 대학생 창작자동차경진대회 자율주행차 부문 은상ㅣ라이브 스트리밍 편집본,25-Oct-22,575,12.7546,1,0:01:19,14028,2.9
WndmCBKDTT0,2021 하반기 졸업작품 | 컴퓨터공학부 | 황은영 [한국기술교육대학교/KOREATECH],21-Oct-21,575,7.1599,0,0:00:44,14812,2.97
U_IqHcXHfEY,남성을 위한 맨즈 요가🧘‍♀ PART 1 (with. 유튜버 재미나) [한국기술교육대학교/KOREATECH],28-Jan-21,572,9.7832,0,0:01:01,15422,2.93
W0yrQJcXLDI,한국기술교육대학교 재학생 홍보대사 나래 13기를 모집합니다😊 [한국기술교육대학교/KOREATECH],12-Mar-21,566,3.1002,0,0:00:19,13519,2.65
FAD3BwhT140,[한국기술교육대학교] 2013 동계과학캠프 'C스타-러빙유',14-Feb-13,565,9.6105,0,0:01:01,3160,0.98
gsWD_VUl3Sk,2020 졸업작품ㅣ별 따러 온 그대ㅣ정현정ㅣ컴퓨터공학부 | [한국기술교육대학교/KOREATECH],13-Oct-22,562,7.1119,0,0:00:45,5275,7.89
gAuz9H8eS-M,2021 하반기 졸업작품 | 메카트로닉스공학부 | 이승현 [한국기술교육대학교/KOREATECH],18-Oct-21,554,11.7775,0,0:01:16,8713,3.36
yOLnniLFyO0,[EVENT] 한기대 유튜브 채널 구독 이벤트! 공식 홍보영상에 댓글 남기고 스벅 기프티콘 받아가세요!,07-Nov-22,552,2.0087,29,0:00:13,8052,4.55
1kld5lteZCc,농활 Vlog Ep.2 [깨도 심고 벽화도 그리고... 바쁘다 바빠 농촌 사회] l  공대생들의 농촌봉사활동 체험기 2,20-Sep-23,548,11.9246,0,0:01:18,10352,3.31
ToBVUjMVlDA,[옥션마켓] 택배기사의 근골격계질환을 예방하기 위한 근력보조 유니폼,20-Nov-20,546,8.922,4,0:00:58,9834,3.76
lSJoY_p9dfw,음파음파🌊같이 수영가자! ㅣCOURSEㅣ2023 KOREATECH 동아리 상영관,27-Apr-23,543,6.2696,0,0:00:41,10729,3.95
MWnlkOYkEl0,남성을 위한 맨즈 요가🧘‍♀ PART 2 (with. 유튜버 재미나) [한국기술교육대학교/KOREATECH],28-Jan-21,542,7.0539,0,0:00:46,15344,2.93
wqGDcImw2Os,2021 졸업작품 | 전기·전자·통신공학부 | 도로 경사면 변화 감지 스마트 휠 [한국기술교육대학교/KOREATECH],30-Jun-21,540,5.678,0,0:00:37,8740,4.02
 -xnMH_f-rg0,"[한국기술교육대학교] ""나는 동아리다!"" 3회 (9/19)",23-Oct-12,534,6.8531,0,0:00:46,3190,1.97
7AN7bwLnS8s,능력개발교육원 교•강사 보수교육 오리엔테이션_기본교육(교직분야) [한국기술교육대학교/KOREATECH],,534,19.0294,0,0:02:08,0,
I7fqsSiCepI,능력개발교육원 자격교육 오리엔테이션_교직훈련과정 [한국기술교육대학교/KOREATECH],,533,64.624,9,0:07:16,9,11.11
l7lx7eCLRrA,능력개발교육원 교•강사 보수교육 오리엔테이션_기초교육 [한국기술교육대학교/KOREATECH],,525,21.0799,10,0:02:24,4,0
1k91Zg5a-WI,"[INTERVIEW] 이장님피셜 별이 다섯 개! ★★★★★ 농기계 수리, 전기 배선 수리에 벽화 그리기까지!  | 2023 한국기술교육대학교 하계 기술봉사",06-Sep-23,518,8.7267,0,0:01:00,10487,2.6
Go4HGeukbYI,2021 하반기 졸업작품 | 컴퓨터공학부 | 송다경 [한국기술교육대학교/KOREATECH],21-Oct-21,516,6.4672,0,0:00:45,11559,3.39
WO4ukrhxvVs,2021 졸업작품 | 전기·전자·통신공학부 | MQTT통신 기반 스마트 컴퓨터 마우스 [한국기술교육대학교/KOREATECH],30-Jun-21,515,5.9942,1,0:00:41,10387,3.65
wIEBt9IMrKQ,2024학년도 논술고사 대비 문제 풀이 [23학년도 기출]｜수리논술｜오후 [한국기술교육대학교/KOREATECH],26-Jul-23,511,9.6591,3,0:01:08,9419,3.49
JzZoB2rl8RY,"기억하겠습니다, 그날의 함성 | 광복절 | 나래 13기 [한국기술교육대학교/KOREATECH]",11-Aug-21,510,4.9511,0,0:00:34,12176,3.02
m-s-NHxSbH4,떠나요~ 제주도~ 겁없이 뜨겁게! 한기대 국토대장정 소희 Vlog [한국기술교육대학교/KOREATECH] #shorts #reels,22-Sep-23,502,3.2819,1,0:00:23,3866,2.72
f8SCnA4VzSg,자작차 폼 美쳤다ㅣ자.연.인ㅣ자작자동차 동아리 | 2023 KOREATECH 동아리 상영관,02-May-23,501,10.2262,-1,0:01:13,10193,3.55
XjWGGV82t2g,[한국기술교육대학교] 대전MBC뉴스 2012 하이브리드대회 드리븐 우승,29-Oct-12,499,6.8505,0,0:00:49,2670,2.73
stA0C1PFTas,텐션 미쳤다!! 억텐아닙니다🙏 친목 안 쌓일 수 없는 한기대 국토대장정 진영Vlog [한국기술교육대학교/KOREATECH],03-Oct-23,497,17.7169,0,0:02:08,7027,4.87
ueF_n-B25PQ,2020학년도 논술고사 문제 풀이영상(오후-수학) [한국기술교육대학교/KOREATECH],04-Jun-20,495,8.8002,0,0:01:04,12313,3.05
2ieuQc8gyD0,"[한국기술교육대학교] ""나는 동아리다!"" 1회 (9/18)",23-Oct-12,488,5.4388,0,0:00:40,2963,2.23
xMahpWcZEnE,날씨 Mi쳤어!! 우리 한라산 문제없지... 아니 있을지도?👀 한기대 국토대장정 상우Vlog [한국기술교육대학교/KOREATECH],29-Sep-23,488,17.8718,-1,0:02:11,14284,2.92
ClI5qlSXENk,2021 하반기 졸업작품 | 메카트로닉스공학부 | 전태현 [한국기술교육대학교/KOREATECH],21-Oct-21,487,6.977,0,0:00:51,12248,3.29
nYdtXH0lZNA,"너의 스무살은 어때? NEW ME, NEW WORLD 🌟 l 2024학년도 한국기술교육대학교 수시모집 #shorts #reels",17-Aug-23,481,2.2222,0,0:00:16,5252,2.82
q5Wy2ZybTd8,[한국기술교육대학교] KBS뉴스 담헌실학관 개관,22-Oct-12,481,2.1632,0,0:00:16,3020,5.93
GpC3eETGHGA,능력개발교육원 교•강사 보수교육 오리엔테이션_전문교육 [한국기술교육대학교/KOREATECH],,479,18.6613,3,0:02:20,3,0
fStrE7u-cQ8,[코리아텍/한국기술교육대학교] 코리아텍 스마트 러닝 팩토리(Smart  Learning Factory) 개관식,07-Apr-19,476,7.9689,1,0:01:00,11738,2.14
nn2Vt4eWuW4,"[한국기술교육대학교/코리아텍] 학술제 ""나래 문방구"" 사후 동영상",18-Oct-18,467,4.9883,0,0:00:38,12709,2.55
CtXHOIFyAFQ,2020 한국기술교육대학교 산학협력 페스티벌 [한국기술교육대학교/KOREATECH],04-Jan-21,463,6.0933,0,0:00:47,13163,2.31
uzbUdXwo7LE,"[한국기술교육대학교/코리아텍]한맥제 ""나래야 잡화점의 기적"" 사후 동영상",14-May-18,462,6.2445,1,0:00:48,12399,2.6
YuHIlAcIWXc,[Vlog 🇻🇳] 그래서 우리는 베트남을 낭만✨이라고 한다 | 베트남 교육봉사 2탄,25-Sep-23,460,16.9918,4,0:02:12,9360,3.53
 -DrTrMOAdDg,MBTI별 친구가 지금 당장 여행 가자고 한다면? [한국기술교육대학교/KOREATECH],11-Oct-23,459,7.1287,0,0:00:55,6491,4.73
6edWCn_fJKQ,[한국기술교육대학교/코리아텍]2020학년도 논술대비 기출문제 풀이영상 (경제),22-Aug-19,458,6.4615,3,0:00:50,48962,0.64
xv-iwU_HC08,[한국기술교육대학교/코리아텍]2020학년도 논술대비 기출문제 풀이영상 (오전 - 물리),22-Aug-19,455,10.5186,1,0:01:23,14397,2.25
iUyvbueuln8,"[한국기술교육대학교/코리아텍]한맥제 ""나래야 잡화점의 기적"" 사전 홍보동영상",08-May-18,451,3.5787,1,0:00:28,10110,3.26
ZqVgFP08LZY,2021 졸업작품 | 전기·전자·통신공학부 | 유튜브와 연동하는 동작 인식 디바이스 [한국기술교육대학교/KOREATECH],30-Jun-21,443,7.2263,1,0:00:58,7807,3.55
h-mR-WSHo0s,KOREATECH KOICA UCC,27-Feb-14,442,7.3313,3,0:00:59,2750,1.49
2oDiRwRCqYo,[한국기술교육대학교] 우리가 선택한 공감아워 제 1회 코리아텍 '교육콘서트',07-Oct-16,436,8.4374,0,0:01:09,4777,2.64
1zdTLQp29to,[옥션마켓] 영상처리기반 자율주행 쇼핑카트,20-Nov-20,431,5.5506,0,0:00:46,10730,2.72
qCyFUC1FPs0,"국내 유일★ 특별함이 가득한 고용서비스정책학과! | 공무원, 공인노무사, 공단, 대기업 취업 어렵지 않지😉| [한국기술교육대학교/KOREATECH] #shorts #reels",31-Aug-23,430,3.5242,0,0:00:29,7120,1.38
-7H1JUdLQyw,2021 하반기 졸업작품전시회 [한국기술교육대학교/KOREATECH],18-Oct-21,428,3.866,-1,0:00:32,8503,3.02
aTk3jrPFozw,2021 하반기 졸업작품 | 에너지신소재화학공학부 | 차성경 [한국기술교육대학교/KOREATECH],21-Oct-21,422,7.7986,0,0:01:06,12748,1.78
zQf4ycF8Wjs,나랑 행성🪐보러가지 않을래?ㅣ세페우스ㅣ동아리 영상 공모전 BEST 영상,04-May-23,418,4.105,1,0:00:35,12483,2.69
Msgrqkf-STs,너도? 나두! 마음으로 통하는 베트남에서의 생생 후기 | 베트남 해외봉사 인터뷰,27-Sep-23,417,9.2856,1,0:01:20,10404,2.96
N-vyn1T86NM,"악기는 우리가 줄게, 너는 몸만 와🎺ㅣK-ORCHESTRAㅣ동아리 영상 공모전 BEST 영상",21-Apr-23,416,3.3078,-1,0:00:28,9819,3.14
na8qioDQNLY,2021 하반기 졸업작품 | 메카트로닉스공학부 | 황태현 [한국기술교육대학교/KOREATECH],18-Oct-21,416,3.7149,-1,0:00:32,11883,2.18
rO7YhVmWRkg,[코리아텍]2017 KORATECH International Day,08-Feb-18,414,7.8856,0,0:01:08,7414,3.55
XO5CEJOCls0,2021 하반기 졸업작품 | 에너지신소재화학공학부 | 김혜란 [한국기술교육대학교/KOREATECH],18-Oct-21,410,3.5969,1,0:00:31,6351,4.72
bxFZabP-WvM,2021 졸업작품 | 기계공학부 | erp42 기반 다양한 센서 정보를 이용한 주행환경인지 보조 시스템 [한국기술교육대학교/KOREATECH],01-Jul-21,410,8.3752,1,0:01:13,10641,2.38
nQQC4FUmpIw,개교 30주년 기념식 | 미래기술발표,03-Dec-21,404,18.3151,1,0:02:43,15485,1.99
CO5qaHk4qtE,[옥션마켓] AF와 OIS 동시 구동 가능한 고성능 카메라 렌즈 개발,20-Nov-20,402,6.438,0,0:00:57,9378,3.21
otafY350XKw,2020학년도 논술고사 문제 풀이영상(오전-수학) [한국기술교육대학교/KOREATECH],04-Jun-20,399,7.2648,0,0:01:05,9527,2.62
m4zTAvf5tI8,포레스트 검프도 탐낸 탁구동아리ㅣCUTㅣ동아리 영상 공모전 BEST 영상,18-May-23,394,3.3199,0,0:00:30,11921,2.69
Cz3FZEfLjiM,2021 하반기 졸업작품 | 메카트로닉스공학부 | 금혜지 [한국기술교육대학교/KOREATECH],18-Oct-21,387,4.5448,-2,0:00:42,6620,3.1
Kmltg-HctVE,"새해에는 좋은 일만 | HELLO 2023, GOOD BYE 2022 | [한국기술교육대학교/KOREATECH]",14-Jan-23,380,2.4684,2,0:00:23,11013,1.14
bKWMcBl6Pe8,[한국기술교육대학교/코리아텍]2020학년도 논술대비 기출문제 풀이영상 (오후 - 물리),22-Aug-19,380,9.0059,1,0:01:25,16783,1.53
mukZuMfvn1Y,실험인격_응용화학공학과 제작 패러디 영상 [한국기술교육대학교/KOREATECH],20-Jul-20,379,3.8449,2,0:00:36,14448,1.83
ZIGO9RWNBPA,[코리아텍/한국기술교육대학교] 나래 중간고사 이벤트 - 알쓸신잡 OF 코리아텍 행사 홍보 영상,09-Apr-19,377,3.5764,1,0:00:34,10737,2.46
4v2tpyly2p8,2021 졸업작품 | 전기·전자·통신공학부 | 방수 무선 가습기 [한국기술교육대학교/KOREATECH],30-Jun-21,370,4.1074,-1,0:00:39,8072,2.95
iAiSUw_1E3E,코딩 활용 능력치 LEVEL UP💪 제10회 KOREATECH 프로그래밍 경시대회💻 | 코딩 척척학사 다 모였다! [한국기술교육대학교/KOREATECH],03-Nov-23,370,8.4711,0,0:01:22,8774,3.2
66nikm1u73k,능력개발교육원 자격교육 오리엔테이션_신중년 교직훈련과정 [한국기술교육대학교/KOREAETCH],,369,50.4019,3,0:08:11,8,0
lS6gr59jftA,"밴드 동아리? 야, 너두 할 수 있어ㅣZam In ZESTㅣZESTㅣ2023 KOREATECH 동아리 상영관",24-Apr-23,369,2.1841,0,0:00:21,8115,3.59
c_V1UzKf5dY,2021 졸업작품 | 전기·전자·통신공학부 | 디스플레이 코팅용 기계 [한국기술교육대학교/KOREATECH],30-Jun-21,368,3.4749,0,0:00:33,9126,3.01
spV-xm9WALk,실험만렙_응용화학공학과 제작 패러디 영상 [한국기술교육대학교/KOREATECH],20-Jul-20,367,4.7137,0,0:00:46,14768,1.97
-9asZo31OLo,[한국기술교육대학교/코리아텍]2020학년도 논술대비 기출문제 풀이영상 (오후 - 수학),22-Aug-19,365,8.4569,0,0:01:23,12876,2.03
GU52sE8-zYs,2020 졸업작품 | 자동 제설 비닐하우스 | 메카트로닉스공학부 | 생산시스템전공 | 이재현 | [한국기술교육대학교/KOREATECH],13-Oct-22,365,4.8148,1,0:00:47,5352,4.78
DkbIdn5toYc,2021 졸업작품 | 디자인·건축공학부 | 시각장애인의 효율적인 온라인 교육을 위한 키트 [한국기술교육대학교/KOREATECH],27-Jun-21,363,4.173,0,0:00:41,8486,3
gqa6AH6Y2cI,"고용서비스정책학과, 넌 누구니? (feat. 4년제 대학 최초) [한국기술교육대학교/KOREATECH]",,360,11.1019,1,0:01:51,38,5.26
gj-FiImEB9Q,사이 마스크 챌린지 [한국기술교육대학교/KOREATECH],03-Oct-20,356,2.2826,0,0:00:23,18522,1.26
_NeJcVB962A,2021 졸업작품 | 디자인·건축공학부 | 호흡저항 감소와 최적화된 운동을 위한 전자식 스포츠 마스크 개발 [한국기술교육대학교/KOREATECH],27-Jun-21,352,4.4215,0,0:00:45,6945,2.65
4hxetKSNPTk,[제100회 휴먼아카데미]   정호승시인   20대에게 힘이 되어주는 한마디,03-Nov-21,350,114.2597,-1,0:19:35,3976,6.21
6dqyXi2sulw,2024학년도 논술고사 대비 문제 풀이 [23학년도 기출]｜자료제시형 언어논술 [한국기술교육대학교/KOREATECH],26-Jul-23,344,12.1848,1,0:02:07,7412,2.37
82l3xJZNOdU,공기업·외국계·중견 다 모였다! 한기대 취업박람회 [한국기술교육대학교/KOREATECH] #shorts #reels,20-Oct-23,344,5.1266,0,0:00:53,3286,3.59
qgX73JmkAyE,[한국기술교육대] 이성기 총장님 학위수여식 축사 영상,19-Feb-21,341,4.9424,0,0:00:52,11888,1.9
DeSE8sciaxQ,"나만 늦어진 것 같을 때ㅣ산업경영학부 이주훈ㅣ한기대, 그리고 꿈ㅣ한꿈 강연",02-Dec-22,333,10.077,0,0:01:48,9627,2.71
q88h2dE42m8,놀기도 잘 하고 예배도 잘 하는 기독교 동아리ㅣDon't Stop LovingㅣIVFㅣ동아리 영상 공모전 BEST 영상,25-Apr-23,331,3.9582,0,0:00:43,11189,2.3
mqpFTt2Drf8,IPP 참여 박종혁 ‘산학연계 교육영상 콘테스트’ 장려상 수상 [한국기술교육대학교/KOREATECH],28-Jan-21,328,6.0188,-1,0:01:06,14059,1.66
X3l5auAjDK4,2021 졸업작품 | 기계공학부 | 기계학습을 활용한 사용자의 체온 상태 분류 및 온도제어 시스템 제작 [한국기술교육대학교/KOREATECH],01-Jul-21,327,4.7566,1,0:00:52,9035,1.88
uyYGvv4HTww,[코리아텍] 수능D-100 맞이 수험생 응원영상,09-Aug-16,326,2.1483,0,0:00:23,3708,2.45
vcQSfez98p0,2021 하반기 졸업작품 | 메카트로닉스공학부 | 김지환 [한국기술교육대학교/KOREATECH],18-Oct-21,326,2.8919,0,0:00:31,6498,3.55
wBd9fo1T0qE,[옥션마켓] 교내 전동킥보드 주차 개선을 위한 거치대 디자인,20-Nov-20,326,3.734,0,0:00:41,8737,2.33
1lrhmLHD5XI,2014 Parents day,25-Jun-14,325,6.24,2,0:01:09,1913,2.09
k8XxtLre_Nw,[한국기술교육대학교/코리아텍] 학생부 교과 전형 소개 자료,22-Aug-19,325,5.9313,0,0:01:05,12932,1.59
SyS2RYcxB_k,"[코리아텍/한국기술교육대학교] ""나래 귀는 당나귀 귀"" 행사 후 영상",16-Apr-19,324,3.3985,0,0:00:37,11012,2.41
qdLSCbldn4I,[한국기술교육대학교/코리아텍] 2018년 코리아텍 진로탐색캠프,16-Aug-18,322,4.6659,1,0:00:52,10498,2.11
bsGQPekXzIA,"푸바오 낙서를 건 한기대 수시전형 퀴즈게임! 이 게임...누가 이길까?👀 READY, SET, GO! #shorts #reels",21-Aug-23,317,1.7445,1,0:00:19,5108,1.31
74JerPBUswc,[코리아텍] 학위수여식,07-Feb-17,315,2.7948,0,0:00:31,4051,3.41
b6Ky7nhGHk0,2021 졸업작품 | 기계공학부 | 다층 필름 성형에 의한 미세 버블랩 제작 및 특성평가 [한국기술교육대학교/KOREATECH],01-Jul-21,313,4.4239,1,0:00:50,9908,2.14
4VQecobPFs4,[코리아텍] 생활백서 행사 후기 영상,17-Apr-18,312,6.0542,0,0:01:09,9133,2.45
8F9WtLYR2l8,2021 하반기 졸업작품 | 메카트로닉스공학부 | 한승원 [한국기술교육대학교/KOREATECH],21-Oct-21,312,2.6094,0,0:00:30,9428,2.43
MONpXadj2Rs,KTV - 행복한대학 KOREATECH,14-Jul-13,311,7.2125,0,0:01:23,2451,1.96
ifvw192bvjA,코리아텍 2016고교생과학캠프,20-Nov-16,310,6.3783,0,0:01:14,4163,1.59
rKnY2gVmiog,[코리아텍]도전! 나래골든벨!,09-Apr-18,306,4.2547,1,0:00:50,8470,2.49
IPYY66Ns3RM,날씨 Mi쳤어!! 우리 한라산 문제없지... 아니 있을지도?👀 한기대 국토대장정 상우Vlog [한국기술교육대학교/KOREATECH] #shorts #reels,29-Sep-23,305,1.333,1,0:00:15,2673,1.98
GQNu1kC7woY,"한기대, 그리고 꿈ㅣ한꿈 강연ㅣ풀 버전(Full Version)",02-Dec-22,302,11.943,1,0:02:22,10477,2.22
fsPG5U6QJME,"[INTERVIEW] 이장님피셜 별이 다섯 개! ★★★★★ 농기계 수리, 전기 배선 수리에 벽화 그리기까지! | 2023 한국기술교육대학교 하계 기술봉사#shorts #reels",06-Sep-23,301,1.3992,0,0:00:16,6003,0.88
r79SnuYBDDM,[옥션마켓] 작업효율을 높이는 조경 전동 멀티 공구,27-Nov-20,296,2.1669,0,0:00:26,14043,1.57
GcQHc36H26U,[한국기술교육대학교/코리아텍]2020학년도 논술대비 기출문제 풀이영상 (오전 - 화학),22-Aug-19,291,4.3753,1,0:00:54,17732,1.13
kRqTxldp4lc,언택트 취업박람회 - 공기업 취업 전략!('20.09.09.),,285,127.1218,2,0:26:45,2,0
2BR3U3Dwqqc,코리아텍 옥션마켓,12-Dec-14,284,10.291,0,0:02:10,3857,2.15
g7Nk9jiTS2I,[옥션마켓] 얼굴인식에 기반한 실시간 초상권 침해방지 시스템,20-Nov-20,281,2.774,0,0:00:35,11914,1.77
7CU3it6n8vg,[KOREATECH] 제 7대 총장 이임식 동영상,14-Jul-14,277,6.7814,0,0:01:28,2976,1.78
상위 500개 결과 표시,,,,,,,,
